Workbook

Sheet Léeme
A1: Lavanderías y tintorerías del territorio
A2: Todo el estado de Durango, más Torreón y Matamoros, Coahuila. Preparado por Nazmelia.
A4: Qué es este archivo
A5: La lista de los 415 negocios de lavandería y tintorería que el INEGI tiene registrados en el territorio, con su dirección, teléfono, correo y página cuando el INEGI los tiene.
A6: Sirve para buscar lavanderías socias: a quién llamar, en qué zona y cómo va cada llamada.
A8: De dónde salen los datos
A9: Del Directorio Estadístico Nacional de Unidades Económicas del INEGI, en su edición más reciente, actividad «Lavanderías y tintorerías».
A10: Es un registro público y oficial. Los datos los capturó el INEGI; nosotros solo los ordenamos y los dejamos listos para usar.
A12: Qué hay en cada hoja
A13: Resumen: cuántos negocios hay en cada plaza y cuántos tienen teléfono, correo o página. También lleva la cuenta de las llamadas.
A14: Por municipio: lo mismo, municipio por municipio.
A15: Listado: un negocio por renglón. Se puede filtrar por plaza, municipio o colonia con las flechas del encabezado.
... A29: Este archivo no mide si los negocios tienen presencia en internet ni cuántas personas buscan el servicio. Eso se trabaja aparte.

Sheet Resumen
A1: Resumen por plaza
A2: Las cifras se recalculan solas a partir de la hoja Listado.
A4: Plaza | B4: Negocios | C4: Con teléfono | D4: Con correo | E4: Con página o red social | F4: Su nombre dice lavandería | G4: Su nombre dice tintorería | H4: Su nombre dice planchaduría | I4: No se sabe por el nombre | J4: Ya se les llamó | K4: Les interesa
A5: Durango capital | B5: =COUNTIF(Listado!$B$2:$B$416,$A5) -> 152 | C5: =COUNTIFS(Listado!$B$2:$B$416,$A5,Listado!$L$2:$L$416,"<>") -> 78 | D5: =COUNTIFS(Listado!$B$2:$B$416,$A5,Listado!$M$2:$M$416,"<>") -> 14 | E5: =COUNTIFS(Listado!$B$2:$B$416,$A5,Listado!$N$2:$N$416,"<>") -> 3 | F5: =COUNTIFS(Listado!$B$2:$B$416,$A5,Listado!$G$2:$G$416,"*avandería*") -> 124 | G5: =COUNTIFS(Listado!$B$2:$B$416,$A5,Listado!$G$2:$G$416,"*intorería*") -> 12 | H5: =COUNTIFS(Listado!$B$2:$B$416,$A5,Listado!$G$2:$G$416,"*lanchaduría*") -> 33 | I5: =COUNTIFS(Listado!$B$2:$B$416,$A5,Listado!$G$2:$G$416,"No se sabe por el nombre") -> 8 | J5: =COUNTIFS(Listado!$B$2:$B$416,$A5,Listado!$S$2:$S$416,"Sí") -> 0 | K5: =COUNTIFS(Listado!$B$2:$B$416,$A5,Listado!$T$2:$T$416,"Le interesa") -> 0
A6: Gómez Palacio y Lerdo | B6: =COUNTIF(Listado!$B$2:$B$416,$A6) -> 52 | C6: =COUNTIFS(Listado!$B$2:$B$416,$A6,Listado!$L$2:$L$416,"<>") -> 27 | D6: =COUNTIFS(Listado!$B$2:$B$416,$A6,Listado!$M$2:$M$416,"<>") -> 8 | E6: =COUNTIFS(Listado!$B$2:$B$416,$A6,Listado!$N$2:$N$416,"<>") -> 1 | F6: =COUNTIFS(Listado!$B$2:$B$416,$A6,Listado!$G$2:$G$416,"*avandería*") -> 40 | G6: =COUNTIFS(Listado!$B$2:$B$416,$A6,Listado!$G$2:$G$416,"*intorería*") -> 7 | H6: =COUNTIFS(Listado!$B$2:$B$416,$A6,Listado!$G$2:$G$416,"*lanchaduría*") -> 8 | I6: =COUNTIFS(Listado!$B$2:$B$416,$A6,Listado!$G$2:$G$416,"No se sabe por el nombre") -> 3 | J6: =COUNTIFS(Listado!$B$2:$B$416,$A6,Listado!$S$2:$S$416,"Sí") -> 0 | K6: =COUNTIFS(Listado!$B$2:$B$416,$A6,Listado!$T$2:$T$416,"Le interesa") -> 0
A7: Torreón | B7: =COUNTIF(Listado!$B$2:$B$416,$A7) -> 146 | C7: =COUNTIFS(Listado!$B$2:$B$416,$A7,Listado!$L$2:$L$416,"<>") -> 81 | D7: =COUNTIFS(Listado!$B$2:$B$416,$A7,Listado!$M$2:$M$416,"<>") -> 28 | E7: =COUNTIFS(Listado!$B$2:$B$416,$A7,Listado!$N$2:$N$416,"<>") -> 7 | F7: =COUNTIFS(Listado!$B$2:$B$416,$A7,Listado!$G$2:$G$416,"*avandería*") -> 89 | G7: =COUNTIFS(Listado!$B$2:$B$416,$A7,Listado!$G$2:$G$416,"*intorería*") -> 33 | H7: =COUNTIFS(Listado!$B$2:$B$416,$A7,Listado!$G$2:$G$416,"*lanchaduría*") -> 23 | I7: =COUNTIFS(Listado!$B$2:$B$416,$A7,Listado!$G$2:$G$416,"No se sabe por el nombre") -> 18 | J7: =COUNTIFS(Listado!$B$2:$B$416,$A7,Listado!$S$2:$S$416,"Sí") -> 0 | K7: =COUNTIFS(Listado!$B$2:$B$416,$A7,Listado!$T$2:$T$416,"Le interesa") -> 0
A8: Matamoros | B8: =COUNTIF(Listado!$B$2:$B$416,$A8) -> 3 | C8: =COUNTIFS(Listado!$B$2:$B$416,$A8,Listado!$L$2:$L$416,"<>") -> 3 | D8: =COUNTIFS(Listado!$B$2:$B$416,$A8,Listado!$M$2:$M$416,"<>") -> 0 | E8: =COUNTIFS(Listado!$B$2:$B$416,$A8,Listado!$N$2:$N$416,"<>") -> 0 | F8: =COUNTIFS(Listado!$B$2:$B$416,$A8,Listado!$G$2:$G$416,"*avandería*") -> 3 | G8: =COUNTIFS(Listado!$B$2:$B$416,$A8,Listado!$G$2:$G$416,"*intorería*") -> 0 | H8: =COUNTIFS(Listado!$B$2:$B$416,$A8,Listado!$G$2:$G$416,"*lanchaduría*") -> 0 | I8: =COUNTIFS(Listado!$B$2:$B$416,$A8,Listado!$G$2:$G$416,"No se sabe por el nombre") -> 0 | J8: =COUNTIFS(Listado!$B$2:$B$416,$A8,Listado!$S$2:$S$416,"Sí") -> 0 | K8: =COUNTIFS(Listado!$B$2:$B$416,$A8,Listado!$T$2:$T$416,"Le interesa") -> 0
A9: Resto del estado de Durango | B9: =COUNTIF(Listado!$B$2:$B$416,$A9) -> 62 | C9: =COUNTIFS(Listado!$B$2:$B$416,$A9,Listado!$L$2:$L$416,"<>") -> 41 | D9: =COUNTIFS(Listado!$B$2:$B$416,$A9,Listado!$M$2:$M$416,"<>") -> 1 | E9: =COUNTIFS(Listado!$B$2:$B$416,$A9,Listado!$N$2:$N$416,"<>") -> 0 | F9: =COUNTIFS(Listado!$B$2:$B$416,$A9,Listado!$G$2:$G$416,"*avandería*") -> 61 | G9: =COUNTIFS(Listado!$B$2:$B$416,$A9,Listado!$G$2:$G$416,"*intorería*") -> 3 | H9: =COUNTIFS(Listado!$B$2:$B$416,$A9,Listado!$G$2:$G$416,"*lanchaduría*") -> 3 | I9: =COUNTIFS(Listado!$B$2:$B$416,$A9,Listado!$G$2:$G$416,"No se sabe por el nombre") -> 0 | J9: =COUNTIFS(Listado!$B$2:$B$416,$A9,Listado!$S$2:$S$416,"Sí") -> 0 | K9: =COUNTIFS(Listado!$B$2:$B$416,$A9,Listado!$T$2:$T$416,"Le interesa") -> 0
A10: Todo el territorio | B10: =SUM(B5:B9) -> 415 | C10: =SUM(C5:C9) -> 230 | D10: =SUM(D5:D9) -> 51 | E10: =SUM(E5:E9) -> 11 | F10: =SUM(F5:F9) -> 317 | G10: =SUM(G5:G9) -> 55 | H10: =SUM(H5:H9) -> 67 | I10: =SUM(I5:I9) -> 29 | ... K10: =SUM(K5:K9) -> 0
A12: Cómo leer este resumen
A13: • «Negocios» cuenta cada local por separado: si un negocio tiene tres sucursales, aparecen tres.
A14: • Las columnas «Su nombre dice…» salen solo del nombre del negocio. Un negocio puede contar en más de una (por ejemplo, «Lavandería y planchaduría»), y uno que solo dice «Lavandería» puede también planchar o lavar en seco: se confirma en la llamada.
A15: • «Ya se les llamó» y «Les interesa» se llenan solas cuando alguien marca esas columnas en la hoja Listado.

Sheet Por municipio
A1: Negocios por municipio
A2: Ordenados de mayor a menor.
A4: Plaza | B4: Municipio | C4: Negocios | D4: Con teléfono
A5: Durango capital | B5: Durango | C5: =COUNTIF(Listado!$C$2:$C$416,$B5) -> 152 | D5: =COUNTIFS(Listado!$C$2:$C$416,$B5,Listado!$L$2:$L$416,"<>") -> 78
A6: Gómez Palacio y Lerdo | B6: Gómez Palacio | C6: =COUNTIF(Listado!$C$2:$C$416,$B6) -> 41 | D6: =COUNTIFS(Listado!$C$2:$C$416,$B6,Listado!$L$2:$L$416,"<>") -> 19
A7: Gómez Palacio y Lerdo | B7: Lerdo | C7: =COUNTIF(Listado!$C$2:$C$416,$B7) -> 11 | D7: =COUNTIFS(Listado!$C$2:$C$416,$B7,Listado!$L$2:$L$416,"<>") -> 8
A8: Torreón | B8: Torreón | C8: =COUNTIF(Listado!$C$2:$C$416,$B8) -> 146 | D8: =COUNTIFS(Listado!$C$2:$C$416,$B8,Listado!$L$2:$L$416,"<>") -> 81
A9: Matamoros | B9: Matamoros | C9: =COUNTIF(Listado!$C$2:$C$416,$B9) -> 3 | D9: =COUNTIFS(Listado!$C$2:$C$416,$B9,Listado!$L$2:$L$416,"<>") -> 3
A10: Resto del estado de Durango | B10: Santiago Papasquiaro | C10: =COUNTIF(Listado!$C$2:$C$416,$B10) -> 10 | D10: =COUNTIFS(Listado!$C$2:$C$416,$B10,Listado!$L$2:$L$416,"<>") -> 7
A11: Resto del estado de Durango | B11: Guadalupe Victoria | C11: =COUNTIF(Listado!$C$2:$C$416,$B11) -> 6 | D11: =COUNTIFS(Listado!$C$2:$C$416,$B11,Listado!$L$2:$L$416,"<>") -> 3
A12: Resto del estado de Durango | B12: Canatlán | C12: =COUNTIF(Listado!$C$2:$C$416,$B12) -> 5 | D12: =COUNTIFS(Listado!$C$2:$C$416,$B12,Listado!$L$2:$L$416,"<>") -> 3
A13: Resto del estado de Durango | B13: Nuevo Ideal | C13: =COUNTIF(Listado!$C$2:$C$416,$B13) -> 5 | D13: =COUNTIFS(Listado!$C$2:$C$416,$B13,Listado!$L$2:$L$416,"<>") -> 4
A14: Resto del estado de Durango | B14: Poanas | C14: =COUNTIF(Listado!$C$2:$C$416,$B14) -> 4 | D14: =COUNTIFS(Listado!$C$2:$C$416,$B14,Listado!$L$2:$L$416,"<>") -> 3
A15: Resto del estado de Durango | B15: Cuencamé | C15: =COUNTIF(Listado!$C$2:$C$416,$B15) -> 3 | D15: =COUNTIFS(Listado!$C$2:$C$416,$B15,Listado!$L$2:$L$416,"<>") -> 1
A16: Resto del estado de Durango | B16: Pueblo Nuevo | C16: =COUNTIF(Listado!$C$2:$C$416,$B16) -> 3 | D16: =COUNTIFS(Listado!$C$2:$C$416,$B16,Listado!$L$2:$L$416,"<>") -> 2
... A31: Resto del estado de Durango | B31: Tlahualilo | C31: =COUNTIF(Listado!$C$2:$C$416,$B31) -> 1 | D31: =COUNTIFS(Listado!$C$2:$C$416,$B31,Listado!$L$2:$L$416,"<>") -> 1

Sheet Listado
A1: N.º | B1: Plaza | C1: Municipio | D1: Localidad | E1: Nombre del negocio | F1: Razón social | G1: Qué es, según su nombre | H1: Personas que trabajan ahí | I1: Calle y número | J1: Colonia | K1: Código postal | L1: Teléfono | M1: Correo | N1: Página web o red social | O1: Ver en el mapa | P1: Latitud | Q1: Longitud | R1: Clave del INEGI | S1: ¿Ya se le llamó? | T1: Resultado de la llamada | U1: Notas
A2: 1 | B2: Durango capital | C2: Durango | D2: Victoria de Durango | E2: BEE LAVANDERIA & PLANCHADO | G2: Lavandería y planchaduría | H2: 0 a 5 personas | I2: Avenida Nuevo Durango 440 | J2: Fraccionamiento Nuevo Durango I | K2: 34166 | O2: Abrir mapa | P2: 24.003157 | Q2: -104.63794 | R2: 10356245
A3: 2 | B3: Durango capital | C3: Durango | D3: Victoria de Durango | E3: CENTRO DE LAVADO Y SECADO DE ROPA | G3: Lavandería | H3: 0 a 5 personas | I3: Avenida Division Durango 800 | J3: Fraccionamiento Domingo Arrieta | K3: 34180 | O3: Abrir mapa | P3: 23.996394 | Q3: -104.66902 | R3: 1083064
A4: 3 | B4: Durango capital | C4: Durango | D4: Victoria de Durango | E4: CENTRO DE LAVANDERIA Y PLACHADURIA | G4: Lavandería | H4: 0 a 5 personas | I4: Avenida Cuauhtemoc 608 | J4: Fraccionamiento Huizache I | K4: 34160 | L4: 618 131 6733 | O4: Abrir mapa | P4: 24.006771 | Q4: -104.65478 | R4: 10089801
A5: 4 | B5: Durango capital | C5: Durango | D5: Victoria de Durango | E5: CICLOS PLANCHADO | G5: Planchaduría | H5: 0 a 5 personas | I5: Calle 5 De Febrero 1502 A | J5: Colonia Burócrata | K5: 34279 | L5: 552 726 7858 | M5: barrazamontse966@gmail.com | O5: Abrir mapa | P5: 24.026447 | Q5: -104.64929 | R5: 8605159
A6: 5 | B6: Durango capital | C6: Durango | D6: Victoria de Durango | E6: CLEAN FASHION | G6: No se sabe por el nombre | H6: 0 a 5 personas | I6: Prolongacion Nazas sin número | J6: Fraccionamiento Nuevo Durango I | K6: 34166 | O6: Abrir mapa | P6: 24.000495 | Q6: -104.64061 | R6: 1117866
A7: 6 | B7: Durango capital | C7: Durango | D7: Victoria de Durango | E7: ECOCLEAN | G7: No se sabe por el nombre | H7: 0 a 5 personas | I7: Calle Año De Juarez 211 | J7: Fraccionamiento Guadalupe Victoria Infonavit | K7: 34220 | O7: Abrir mapa | P7: 24.046893 | Q7: -104.61905 | R7: 10485449
A8: 7 | B8: Durango capital | C8: Durango | D8: Victoria de Durango | E8: ESTRELLAS DE LA LIMPIEZA | F8: Q R LAS ESTRELLAS DE LA LIMPIEZA | G8: No se sabe por el nombre | H8: 0 a 5 personas | I8: Corredor Felipe Pescador 25 | J8: Colonia Del Maestro | K8: 34240 | O8: Abrir mapa | P8: 24.033498 | Q8: -104.63972 | R8: 11116366
A9: 8 | B9: Durango capital | C9: Durango | D9: Victoria de Durango | E9: EVERCLEAN LAVANDERIA | G9: Lavandería | H9: 0 a 5 personas | I9: Avenida Sahuatoba 216, Plaza Lomas | J9: Fraccionamiento Lomas Del Parque | K9: 34108 | M9: cmme65@prodigy.net.mx | O9: Abrir mapa | P9: 24.014328 | Q9: -104.69055 | R9: 7258753
A10: 9 | B10: Durango capital | C10: Durango | D10: Cinco de Mayo | E10: FRESH CLEAN LAVANDERIA | G10: Lavandería | H10: 0 a 5 personas | I10: Prolongacion Francisco Villa 208 | J10: Pueblo 5 De Mayo | K10: 34304 | O10: Abrir mapa | P10: 24.098655 | Q10: -104.57597 | R10: 11829493
A11: 10 | B11: Durango capital | C11: Durango | D11: Victoria de Durango | E11: KLIN LAVANDERIA | G11: Lavandería | H11: 0 a 5 personas | I11: Boulevard Instituto Politecnico Nacional sin número | J11: Fraccionamiento Camino Real | K11: 34170 | L11: 618 310 2020 | N11: www.klino.mx | O11: Abrir mapa | P11: 24.006144 | Q11: -104.65742 | R11: 8519619
A12: 11 | B12: Durango capital | C12: Durango | D12: Victoria de Durango | E12: KLINO LAVANDERIAS | G12: Lavandería | H12: 0 a 5 personas | I12: Boulevard De La Juventud sin número | J12: Colonia Luis Echeverría | K12: 34250 | L12: 618 310 2020 | N12: www.klino.mx | O12: Abrir mapa | P12: 24.031392 | Q12: -104.62425 | R12: 9775134
A13: 12 | B13: Durango capital | C13: Durango | D13: Victoria de Durango | E13: KLINO LAVANDERIAS | G13: Lavandería | H13: 0 a 5 personas | I13: Boulevard Durango sin número | J13: Colonia Sarh | K13: 34180 | M13: klinolavanderias@gmail.com | N13: www.klino.mx | O13: Abrir mapa | P13: 24.010447 | Q13: -104.69065 | R13: 7258747
A14: 13 | B14: Durango capital | C14: Durango | D14: Victoria de Durango | E14: LAVA FACIL LAVANDERIA | G14: Lavandería | H14: 0 a 5 personas | I14: Circuito Palenque 308 | J14: Fraccionamiento Huizache I | K14: 34160 | L14: 618 231 9152 | O14: Abrir mapa | P14: 24.010605 | Q14: -104.65351 | R14: 1094784
A15: 14 | B15: Durango capital | C15: Durango | D15: Victoria de Durango | E15: LAVA NUBES | G15: Lavandería | H15: 0 a 5 personas | I15: Avenida Resplandor 200 C | J15: Fraccionamiento Las Nubes | K15: 34224 | L15: 618 819 2093 | O15: Abrir mapa | P15: 24.054751 | Q15: -104.59532 | R15: 7265074
A16: 15 | B16: Durango capital | C16: Durango | D16: Victoria de Durango | E16: LAVA PLANCH | G16: Lavandería y planchaduría | H16: 0 a 5 personas | I16: Circuito Chamula 734 B | J16: Fraccionamiento Huizache I | K16: 34160 | L16: 618 211 4235 | O16: Abrir mapa | P16: 24.005459 | Q16: -104.65517 | R16: 7404294
A17: 16 | B17: Durango capital | C17: Durango | D17: Victoria de Durango | E17: LAVADO Y PLANCHADO REAL | G17: Lavandería y planchaduría | H17: 0 a 5 personas | I17: Calle Guadalajara 633, interior 2 | J17: Fraccionamiento Jalisco | K17: 34170 | O17: Abrir mapa | P17: 24.002517 | Q17: -104.65352 | R17: 1113993
A18: 17 | B18: Durango capital | C18: Durango | D18: Victoria de Durango | E18: LAVAMATIC | G18: Lavandería | H18: 0 a 5 personas | I18: Calle Constituyentes 705 | J18: Fraccionamiento Las Fuentes | K18: 34220 | O18: Abrir mapa | P18: 24.045001 | Q18: -104.61953 | R18: 1083549
A19: 18 | B19: Durango capital | C19: Durango | D19: Victoria de Durango | E19: LAVANDERIA | F19: LAVANDERIA | G19: Lavandería | H19: 0 a 5 personas | I19: Calle Camino De Los Castillos 252 | J19: Fraccionamiento Paso Real | K19: 34204 | O19: Abrir mapa | P19: 24.058404 | Q19: -104.61962 | R19: 11116777
A20: 19 | B20: Durango capital | C20: Durango | D20: Victoria de Durango | E20: LAVANDERIA | G20: Lavandería | H20: 0 a 5 personas | I20: Calle Carlos Santamaria sin número | J20: Colonia Héctor Mayagoitia Domínguez | K20: 34010 | O20: Abrir mapa | P20: 24.044177 | Q20: -104.68958 | R20: 10083846
A21: 20 | B21: Durango capital | C21: Durango | D21: Victoria de Durango | E21: LAVANDERIA ALEXJOS | G21: Lavandería | H21: 0 a 5 personas | I21: Boulevard Jose Maria Patoni 406 | J21: Colonia José Revueltas | K21: 34219 | L21: 618 230 9042 | O21: Abrir mapa | P21: 24.049305 | Q21: -104.64846 | R21: 7424397
A22: 21 | B22: Durango capital | C22: Durango | D22: Victoria de Durango | E22: LAVANDERIA ALICIA | G22: Lavandería | H22: 0 a 5 personas | I22: Avenida Coronel Enrique Carrola Antuna 1203 B | J22: Colonia J. Guadalupe Rodríguez | K22: 34280 | L22: 618 257 8082 | O22: Abrir mapa | P22: 24.020972 | Q22: -104.62715 | R22: 7319356
A23: 22 | B23: Durango capital | C23: Durango | D23: Victoria de Durango | E23: LAVANDERIA AMERICA | G23: Lavandería | H23: 0 a 5 personas | I23: Boulevard Licenciado Armando Del Castillo Franco 136 | J23: Fraccionamiento Lomas Del Parque | K23: 34100 | O23: Abrir mapa | P23: 24.017992 | Q23: -104.69021 | R23: 1082692
A24: 23 | B24: Durango capital | C24: Durango | D24: Victoria de Durango | E24: LAVANDERIA ANGY | G24: Lavandería | H24: 0 a 5 personas | I24: Calle Del Guadiana sin número | J24: Fraccionamiento Valle Oriente | K24: 34224 | O24: Abrir mapa | P24: 24.056845 | Q24: -104.58707 | R24: 11165699
A25: 24 | B25: Durango capital | C25: Durango | D25: Victoria de Durango | E25: LAVANDERIA ARCOIRIS | G25: Lavandería | H25: 0 a 5 personas | I25: Boulevard Domingo Arrieta 511 C | J25: Colonia Juan Lira Bracho | K25: 34188 | L25: 618 256 0481 | M25: erendy_86@hotmail.com | O25: Abrir mapa | P25: 23.9874 | Q25: -104.66451 | R25: 9878860
A26: 25 | B26: Durango capital | C26: Durango | D26: Victoria de Durango | E26: LAVANDERIA AUTOMATICA ALE | G26: Lavandería | H26: 0 a 5 personas | I26: Avenida General Lazaro Cardenas 232 | J26: Colonia Real Del Prado | K26: 34080 | O26: Abrir mapa | P26: 24.032086 | Q26: -104.65354 | R26: 1080707
A27: 26 | B27: Durango capital | C27: Durango | D27: Victoria de Durango | E27: LAVANDERIA BIEN LIMPIO | G27: Lavandería | H27: 0 a 5 personas | I27: Avenida Rio De Janeiro 544 A | J27: Fraccionamiento Guadalupe | K27: 34220 | M27: mmgrios@hotmail.com | O27: Abrir mapa | P27: 24.043514 | Q27: -104.62224 | R27: 7811767
A28: 27 | B28: Durango capital | C28: Durango | D28: Victoria de Durango | E28: LAVANDERIA BLUEWASH | G28: Lavandería | H28: 0 a 5 personas | I28: Prolongacion Nazas sin número, interior 6 | J28: Fraccionamiento Santa Teresa | K28: 34166 | O28: Abrir mapa | P28: 24.005488 | Q28: -104.64406 | R28: 7830287
A29: 28 | B29: Durango capital | C29: Durango | D29: Victoria de Durango | E29: LAVANDERIA CLEAN CENTER | G29: Lavandería | H29: 0 a 5 personas | I29: Calle Hernandez 1525 | J29: Colonia Zona Centro | K29: 34000 | O29: Abrir mapa | P29: 24.032549 | Q29: -104.67903 | R29: 9379618
A30: 29 | B30: Durango capital | C30: Durango | D30: Victoria de Durango | E30: LAVANDERIA COLOR MAGIC | F30: GLORIA | G30: Lavandería | H30: 0 a 5 personas | I30: Calle Orion 1002 | J30: Fraccionamiento Villas Del Guadiana Iii | K30: 34224 | L30: 618 292 7930 | O30: Abrir mapa | P30: 24.070035 | Q30: -104.58934 | R30: 11458379
A31: 30 | B31: Durango capital | C31: Durango | D31: Victoria de Durango | E31: LAVANDERIA DEL RIO | G31: Lavandería | H31: 0 a 5 personas | I31: Avenida Coronel Enrique Carrola Antuna sin número | J31: Colonia Canela | K31: 34270 | O31: Abrir mapa | P31: 24.020047 | Q31: -104.64114 | R31: 10131945
A32: 31 | B32: Durango capital | C32: Durango | D32: Victoria de Durango | E32: LAVANDERIA DERECK | G32: Lavandería | H32: 0 a 5 personas | I32: Calle Del Atardecer 132 | J32: Fraccionamiento La Luz | K32: 34225 | L32: 677 119 8584 | O32: Abrir mapa | P32: 24.058303 | Q32: -104.58783 | R32: 7264755
A33: 32 | B33: Durango capital | C33: Durango | D33: Victoria de Durango | E33: LAVANDERIA EL NOGAL | G33: Lavandería | H33: 0 a 5 personas | I33: Calle Francisco Gonzalez De La Vega 105 | J33: Colonia Iv Centenario | K33: 34150 | L33: 618 366 2704 | O33: Abrir mapa | P33: 24.010338 | Q33: -104.66982 | R33: 11723284
A34: 33 | B34: Durango capital | C34: Durango | D34: Victoria de Durango | E34: LAVANDERIA EL TENDERO | G34: Lavandería | H34: 0 a 5 personas | I34: Calle 50 Aniversario Itd 129 B | J34: Fraccionamiento Aserradero | K34: 34214 | M34: eltendedederolavanderia.dgo@gmail.com | O34: Abrir mapa | P34: 24.041285 | Q34: -104.64969 | R34: 7424420
A35: 34 | B35: Durango capital | C35: Durango | D35: Victoria de Durango | E35: LAVANDERIA ESPUMITA | G35: Lavandería | H35: 0 a 5 personas | I35: Boulevard Juan Pablo Ii 223 | J35: Fraccionamiento Jardines De Durango | K35: 34200 | O35: Abrir mapa | P35: 24.04405 | Q35: -104.63569 | R35: 9000005
A36: 35 | B36: Durango capital | C36: Durango | D36: Victoria de Durango | E36: LAVANDERIA ESTRELLAS DE LA LIMPIEZA | G36: Lavandería | H36: 0 a 5 personas | I36: Boulevard Juan Pablo Ii 125 | J36: Fraccionamiento Jardines De Durango | K36: 34200 | O36: Abrir mapa | P36: 24.044756 | Q36: -104.63644 | R36: 9566210
A37: 36 | B37: Durango capital | C37: Durango | D37: Victoria de Durango | E37: LAVANDERIA EVELYN | G37: Lavandería | H37: 0 a 5 personas | I37: Calle Murallas 115 | J37: Colonia Villa De Guadalupe | K37: 34040 | O37: Abrir mapa | P37: 24.042375 | Q37: -104.68424 | R37: 9360530
A38: 37 | B38: Durango capital | C38: Durango | D38: Victoria de Durango | E38: LAVANDERIA EXPRESS | G38: Lavandería | H38: 0 a 5 personas | I38: Avenida La Salle 502 B | J38: Residencial Colinas Del Saltito | K38: 34105 | O38: Abrir mapa | P38: 24.009723 | Q38: -104.71069 | R38: 7259455
A39: 38 | B39: Durango capital | C39: Durango | D39: Victoria de Durango | E39: LAVANDERIA EXPRESS | G39: Lavandería | H39: 0 a 5 personas | I39: Prolongacion 20 De Noviembre 408 | J39: Fraccionamiento Los Duraznos | K39: 34238 | O39: Abrir mapa | P39: 24.040961 | Q39: -104.59922 | R39: 1092524
A40: 39 | B40: Durango capital | C40: Durango | D40: Victoria de Durango | E40: LAVANDERIA EXPRESS | G40: Lavandería | H40: 0 a 5 personas | I40: Boulevard Hermila Galindo Acosta sin número | J40: Residencial Los Pinos | K40: 34162 | O40: Abrir mapa | P40: 23.997986 | Q40: -104.64249 | R40: 9354995
A41: 40 | B41: Durango capital | C41: Durango | D41: Victoria de Durango | E41: LAVANDERIA EXPRESS | F41: LAVANDERIA EXPRESS | G41: Lavandería | H41: 0 a 5 personas | I41: Calle Zacatecas 206 | J41: Colonia Morga | K41: 34010 | O41: Abrir mapa | P41: 24.043651 | Q41: -104.68075 | R41: 1077890
A42: 41 | B42: Durango capital | C42: Durango | D42: Victoria de Durango | E42: LAVANDERIA EXPRESS | F42: LAVANDERIA EXPRESS | G42: Lavandería | H42: 0 a 5 personas | I42: Avenida Real Del Mezquital sin número | J42: Fraccionamiento Real Del Mezquital | K42: 34199 | O42: Abrir mapa | P42: 24.000928 | Q42: -104.65186 | R42: 11725040
A43: 42 | B43: Durango capital | C43: Durango | D43: Victoria de Durango | E43: LAVANDERIA GEMMA | G43: Lavandería | H43: 0 a 5 personas | I43: Calle Sigma 110 | J43: Fraccionamiento Bosques Del Valle | K43: 34228 | O43: Abrir mapa | P43: 24.053115 | Q43: -104.60697 | R43: 1091655
A44: 43 | B44: Durango capital | C44: Durango | D44: Victoria de Durango | E44: LAVANDERIA GRECIA | G44: Lavandería | H44: 0 a 5 personas | I44: Calle Capricornio 316 A | J44: Fraccionamiento Villas Del Guadiana | K44: 34224 | L44: 618 815 8320 | O44: Abrir mapa | P44: 24.060461 | Q44: -104.5843 | R44: 7264767
A45: 44 | B45: Durango capital | C45: Durango | D45: Victoria de Durango | E45: LAVANDERIA GYYS | G45: Lavandería | H45: 0 a 5 personas | I45: Boulevard De La Juventud 711 | J45: Colonia Santa Fe | K45: 34240 | L45: 618 154 4243 | O45: Abrir mapa | P45: 24.032464 | Q45: -104.63126 | R45: 11507432
A46: 45 | B46: Durango capital | C46: Durango | D46: Victoria de Durango | E46: LAVANDERIA HAITI | G46: Lavandería | H46: 0 a 5 personas | I46: Calle Haiti 114 | J46: Fraccionamiento Jardines De Durango | K46: 34200 | O46: Abrir mapa | P46: 24.037769 | Q46: -104.63628 | R46: 1082580
A47: 46 | B47: Durango capital | C47: Durango | D47: Victoria de Durango | E47: LAVANDERIA HIPODDROMO | G47: Lavandería | H47: 0 a 5 personas | I47: Calle Santiago Papasquiaro 501 | J47: Colonia Hipódromo | K47: 34237 | O47: Abrir mapa | P47: 24.025074 | Q47: -104.64404 | R47: 1088594
A48: 47 | B48: Durango capital | C48: Durango | D48: Victoria de Durango | E48: LAVANDERIA INDEPENDENCIA | G48: Lavandería | H48: 0 a 5 personas | I48: Calle Independencia 438 | J48: Colonia Zona Centro | K48: 34000 | L48: 618 132 2297 | O48: Abrir mapa | P48: 24.031916 | Q48: -104.67516 | R48: 1084304
A49: 48 | B49: Durango capital | C49: Durango | D49: Victoria de Durango | E49: LAVANDERIA JESSY | G49: Lavandería | H49: 0 a 5 personas | I49: Calle Santiago Papasquiaro sin número | J49: Colonia Hipódromo | K49: 34270 | L49: 664 302 1715 | O49: Abrir mapa | P49: 24.025222 | Q49: -104.64194 | R49: 10777376
A50: 49 | B50: Durango capital | C50: Durango | D50: Victoria de Durango | E50: LAVANDERIA LA BRISA | G50: Lavandería | H50: 0 a 5 personas | I50: Cerrada 3Ra San Martin 113 | J50: Colonia San Juan | K50: 34208 | O50: Abrir mapa | P50: 24.064665 | Q50: -104.62124 | R50: 11678775
A51: 50 | B51: Durango capital | C51: Durango | D51: Victoria de Durango | E51: LAVANDERIA LA BURBUJA | G51: Lavandería | H51: 0 a 5 personas | I51: Avenida La Salle 136 | J51: Residencial Paseo Del Saltito | K51: 34105 | O51: Abrir mapa | P51: 24.00932 | Q51: -104.70453 | R51: 1095600
A52: 51 | B52: Durango capital | C52: Durango | D52: Victoria de Durango | E52: LAVANDERIA LA BURBUJA | G52: Lavandería | H52: 0 a 5 personas | I52: Calle Circuito Interior sin número | J52: Fraccionamiento Residencial Santa Teresa | K52: 34166 | L52: 618 196 8435 | O52: Abrir mapa | P52: 24.00357 | Q52: -104.65011 | R52: 11642497
A53: 52 | B53: Durango capital | C53: Durango | D53: Victoria de Durango | E53: LAVANDERIA LA BURBUJA AZUL | G53: Lavandería | H53: 0 a 5 personas | I53: Calle Domingo Arrieta 403 B | J53: Colonia Azteca | K53: 34190 | L53: 618 359 1004 | O53: Abrir mapa | P53: 23.993237 | Q53: -104.66296 | R53: 9223047
A54: 53 | B54: Durango capital | C54: Durango | D54: Victoria de Durango | E54: LAVANDERIA LA BURBUJA CLEAN | G54: Lavandería | H54: 0 a 5 personas | I54: Avenida Coronel Enrique Carrola Antuna 111 | J54: Fraccionamiento Los Álamos | K54: 34290 | O54: Abrir mapa | P54: 24.019859 | Q54: -104.63838 | R54: 1117191
A55: 54 | B55: Durango capital | C55: Durango | D55: Victoria de Durango | E55: LAVANDERIA LA BURBUJA FELIZ | G55: Lavandería | H55: 0 a 5 personas | I55: Boulevard De La Juventud sin número | J55: Colonia Santa Fe | K55: 34240 | O55: Abrir mapa | P55: 24.032239 | Q55: -104.63239 | R55: 1081164
A56: 55 | B56: Durango capital | C56: Durango | D56: Victoria de Durango | E56: LAVANDERIA LA CASA DEL LAVADO | G56: Lavandería | H56: 0 a 5 personas | I56: Calle Joaquín García Pascoe 100 | J56: Fraccionamiento Los Agaves | K56: 34227 | L56: 618 188 3843 | O56: Abrir mapa | P56: 24.051185 | Q56: -104.59969 | R56: 11743554
A57: 56 | B57: Durango capital | C57: Durango | D57: Victoria de Durango | E57: LAVANDERIA LA CASITA | G57: Lavandería | H57: 0 a 5 personas | I57: Avenida Constelaciones 208 | J57: Fraccionamiento Nuevo Valle | K57: 34224 | L57: 618 364 3946 | O57: Abrir mapa | P57: 24.062278 | Q57: -104.58514 | R57: 7809660
A58: 57 | B58: Durango capital | C58: Durango | D58: Victoria de Durango | E58: LAVANDERIA LA CASITA | G58: Lavandería | H58: 0 a 5 personas | I58: Calle Universidad Autonoma De Durango 113 B | J58: Fraccionamiento Jardines De Durango | K58: 34200 | O58: Abrir mapa | P58: 24.04449 | Q58: -104.63159 | R58: 6202194
A59: 58 | B59: Durango capital | C59: Durango | D59: Victoria de Durango | E59: LAVANDERIA LA CASITA EXPRESS | G59: Lavandería | H59: 0 a 5 personas | I59: Avenida Cima 335 | J59: Fraccionamiento Fstse | K59: 34204 | L59: 618 320 2693 | O59: Abrir mapa | P59: 24.050528 | Q59: -104.6257 | R59: 8594958
A60: 59 | B60: Durango capital | C60: Durango | D60: Victoria de Durango | E60: LAVANDERIA LA COLONIAL | G60: Lavandería | H60: 0 a 5 personas | I60: Calle Francisco I Madero 249 | J60: Colonia Zona Centro | K60: 34000 | L60: 618 138 3761 | O60: Abrir mapa | P60: 24.02983 | Q60: -104.6693 | R60: 8415193
A61: 60 | B61: Durango capital | C61: Durango | D61: Victoria de Durango | E61: LAVANDERIA LA ESPUMA | G61: Lavandería | H61: 0 a 5 personas | I61: Calle Belisario Dominguez 522 | J61: Barrio Hernández | K61: 34137 | L61: 618 304 1394 | O61: Abrir mapa | P61: 24.013964 | Q61: -104.67532 | R61: 1083737
A62: 61 | B62: Durango capital | C62: Durango | D62: Victoria de Durango | E62: LAVANDERIA LA LAVADORA | G62: Lavandería | H62: 0 a 5 personas | I62: Avenida General Vicente Guerrero 306 | J62: Colonia Insurgentes | K62: 34130 | O62: Abrir mapa | P62: 24.010591 | Q62: -104.67524 | R62: 1095278
A63: 62 | B63: Durango capital | C63: Durango | D63: Victoria de Durango | E63: LAVANDERIA LA MODERNA | G63: Lavandería | H63: 0 a 5 personas | I63: Calle 1450 | J63: Barrio De Tierra Blanca | K63: 34139 | O63: Abrir mapa | P63: 24.009449 | Q63: -104.6638 | R63: 1117179
A64: 63 | B64: Durango capital | C64: Durango | D64: Victoria de Durango | E64: LAVANDERIA LA NIÑA | G64: Lavandería | H64: 0 a 5 personas | I64: Avenida Jose Antonio Ramirez sin número | J64: Fraccionamiento Fidel Velázquez | K64: 34229 | L64: 618 120 8123 | O64: Abrir mapa | P64: 24.058442 | Q64: -104.60428 | R64: 11401945
A65: 64 | B65: Durango capital | C65: Durango | D65: Victoria de Durango | E65: LAVANDERIA LA PINZA | G65: Lavandería | H65: 0 a 5 personas | I65: Avenida Mexico Triunfo 200 | J65: Fraccionamiento Villas Del Manantial | K65: 34198 | O65: Abrir mapa | P65: 24.003705 | Q65: -104.60843 | R65: 10594521
A66: 65 | B66: Durango capital | C66: Durango | D66: Victoria de Durango | E66: LAVANDERIA LA RAPIDITA | G66: Lavandería | H66: 0 a 5 personas | I66: Avenida José Antonio Ramírez Martínez sin número | J66: Fraccionamiento Jardines De San Antonio | K66: 34227 | L66: 618 208 7388 | O66: Abrir mapa | P66: 24.053552 | Q66: -104.5984 | R66: 11747996
A67: 66 | B67: Durango capital | C67: Durango | D67: Victoria de Durango | E67: LAVANDERIA LA VICTORIA | G67: Lavandería | H67: 0 a 5 personas | I67: Avenida La Salle 112 A | J67: Residencial Paseo Del Saltito | K67: 34105 | O67: Abrir mapa | P67: 24.009154 | Q67: -104.70212 | R67: 9984045
A68: 67 | B68: Durango capital | C68: Durango | D68: Victoria de Durango | E68: LAVANDERIA LAS FLORES | G68: Lavandería | H68: 0 a 5 personas | I68: Avenida Solidaridad sin número | J68: Fraccionamiento Fidel Velázquez Ii | K68: 34229 | O68: Abrir mapa | P68: 24.062192 | Q68: -104.59548 | R68: 10593547
A69: 68 | B69: Durango capital | C69: Durango | D69: Victoria de Durango | E69: LAVANDERIA LAS FLORES | G69: Lavandería | H69: 0 a 5 personas | I69: Avenida Coronel Enrique Carrola Antuna 715 | J69: Condominio Ciénega | K69: 34090 | O69: Abrir mapa | P69: 24.01995 | Q69: -104.65762 | R69: 10712356
A70: 69 | B70: Durango capital | C70: Durango | D70: Victoria de Durango | E70: LAVANDERIA LAUNDRY DAY | G70: Lavandería | H70: 0 a 5 personas | I70: Circuito Litio 118 | J70: Fraccionamiento Ciudad Industrial | K70: 34228 | L70: 618 131 4858 | O70: Abrir mapa | P70: 24.063091 | Q70: -104.60272 | R70: 9157589
A71: 70 | B71: Durango capital | C71: Durango | D71: Victoria de Durango | E71: LAVANDERIA LAVA MAR | G71: Lavandería | H71: 0 a 5 personas | I71: Calle Providencia 132 | J71: Colonia Santa María | K71: 34050 | L71: 618 332 6320 | O71: Abrir mapa | P71: 24.037147 | Q71: -104.68168 | R71: 10141678
A72: 71 | B72: Durango capital | C72: Durango | D72: Victoria de Durango | E72: LAVANDERIA LAVA MASS | G72: Lavandería | H72: 6 a 10 personas | I72: Avenida Fidel Velazquez Sanchez 213 | J72: Fraccionamiento Las Nubes | K72: 34224 | L72: 618 145 1494 | O72: Abrir mapa | P72: 24.055979 | Q72: -104.59721 | R72: 1092427
A73: 72 | B73: Durango capital | C73: Durango | D73: Victoria de Durango | E73: LAVANDERIA LAVA PLUS | G73: Lavandería | H73: 0 a 5 personas | I73: Calle Providencia 612 A | J73: Colonia Santa María | K73: 34050 | L73: 618 259 0778 | O73: Abrir mapa | P73: 24.040117 | Q73: -104.68445 | R73: 10322320
A74: 73 | B74: Durango capital | C74: Durango | D74: Victoria de Durango | E74: LAVANDERIA LAVAFACIL | G74: Lavandería | H74: 0 a 5 personas | I74: Calle Colima 900 D | J74: Colonia Valle Del Guadiana | K74: 34166 | L74: 618 183 6722 | O74: Abrir mapa | P74: 24.010797 | Q74: -104.63248 | R74: 7193376
A75: 74 | B75: Durango capital | C75: Durango | D75: Victoria de Durango | E75: LAVANDERIA LAVAMASS | G75: Lavandería | H75: 0 a 5 personas | I75: Avenida Plan De Agua Prieta sin número | J75: Colonia Emiliano Zapata | K75: 34230 | L75: 618 145 1494 | M75: gabytavh@hotmail.com | O75: Abrir mapa | P75: 24.039391 | Q75: -104.61956 | R75: 1083170
A76: 75 | B76: Durango capital | C76: Durango | D76: Victoria de Durango | E76: LAVANDERIA LAVAMPAC | G76: Lavandería | H76: 0 a 5 personas | I76: Avenida Fidel Velazquez Sanchez 226 | J76: Fraccionamiento Fidel Velázquez | K76: 34229 | L76: 618 361 9245 | O76: Abrir mapa | P76: 24.060112 | Q76: -104.60095 | R76: 9155960
A77: 76 | B77: Durango capital | C77: Durango | D77: Victoria de Durango | E77: LAVANDERIA LAVI | G77: Lavandería | H77: 0 a 5 personas | I77: Calle Aquiles Serdan 706 | J77: Colonia Zona Centro | K77: 34006 | O77: Abrir mapa | P77: 24.029942 | Q77: -104.65384 | R77: 8640240
A78: 77 | B78: Durango capital | C78: Durango | D78: Victoria de Durango | E78: LAVANDERIA LIMPIO Y SECO | G78: Lavandería | H78: 0 a 5 personas | I78: Calle Predio De Las Peñas sin número | J78: Fraccionamiento Villas De San Francisco | K78: 34287 | L78: 618 333 0676 | O78: Abrir mapa | P78: 24.027292 | Q78: -104.62219 | R78: 11741729
A79: 78 | B79: Durango capital | C79: Durango | D79: Victoria de Durango | E79: LAVANDERIA LIMPIZIMO | G79: Lavandería | H79: 0 a 5 personas | I79: Prolongacion Nazas 806 E | J79: Colonia Los Sauces | K79: 34165 | L79: 618 100 7805 | M79: jarib15@hotmail.com | O79: Abrir mapa | P79: 24.006657 | Q79: -104.64431 | R79: 1094545
A80: 79 | B80: Durango capital | C80: Durango | D80: Victoria de Durango | E80: LAVANDERIA LOS REMEDIOS | G80: Lavandería | H80: 0 a 5 personas | I80: Avenida Los Remedios 609 | J80: Fraccionamiento Los Remedios | K80: 34100 | L80: 618 144 4101 | O80: Abrir mapa | P80: 24.017059 | Q80: -104.68343 | R80: 1083641
A81: 80 | B81: Durango capital | C81: Durango | D81: Victoria de Durango | E81: LAVANDERIA LUCA | G81: Lavandería | H81: 0 a 5 personas | I81: Boulevard Vialidad Mazada 113, interior 11 | J81: Fraccionamiento Privadas Del Guadiana | K81: 34109 | L81: 618 273 6439 | O81: Abrir mapa | P81: 24.023578 | Q81: -104.70565 | R81: 11297437
A82: 81 | B82: Durango capital | C82: Durango | D82: Victoria de Durango | E82: LAVANDERIA MAGI | G82: Lavandería | H82: 0 a 5 personas | I82: Calle Zarco 200 A | J82: Colonia Zona Centro | K82: 34000 | O82: Abrir mapa | P82: 24.02884 | Q82: -104.66556 | R82: 1078992
A83: 82 | B83: Durango capital | C83: Durango | D83: Victoria de Durango | E83: LAVANDERIA MI ESPERANZA | G83: Lavandería | H83: 0 a 5 personas | I83: Calle Chapultepec 103 | J83: Fraccionamiento Benito Juárez | K83: 34167 | L83: 618 309 1006 | O83: Abrir mapa | P83: 24.010824 | Q83: -104.62825 | R83: 7319627
A84: 83 | B84: Durango capital | C84: Durango | D84: Victoria de Durango | E84: LAVANDERIA MISS CLEAN | G84: Lavandería | H84: 0 a 5 personas | I84: Calle Ana Leyva 216, Residencias Las Torres | J84: Colonia Nueva Vizcaya | K84: 34080 | L84: 618 304 8904 | M84: zoeluna7275@gmail.com | O84: Abrir mapa | P84: 24.030006 | Q84: -104.64824 | R84: 8641103
A85: 84 | B85: Durango capital | C85: Durango | D85: Victoria de Durango | E85: LAVANDERIA MODERNA | F85: LAVANDERIA MODERNA | G85: Lavandería | H85: 0 a 5 personas | I85: Avenida Sahuatoba 224, Punto Guadiana | J85: Fraccionamiento Loma Dorada | K85: 34108 | O85: Abrir mapa | P85: 24.012167 | Q85: -104.69104 | R85: 8629751
A86: 85 | B86: Durango capital | C86: Durango | D86: Victoria de Durango | E86: LAVANDERIA MODERNA | F86: LAVANDERIA MODERNA | G86: Lavandería | H86: 6 a 10 personas | I86: Avenida General Lazaro Cardenas 424 SUR | J86: Colonia Zona Centro | K86: 34000 | L86: 618 187 0030 | M86: lavanderia.moderna.1950@gmail.com | O86: Abrir mapa | P86: 24.025345 | Q86: -104.65269 | R86: 1085782
A87: 86 | B87: Durango capital | C87: Durango | D87: Victoria de Durango | E87: LAVANDERIA NENA | G87: Lavandería | H87: 0 a 5 personas | I87: Calle Fresno sin número | J87: Colonia Santa María | K87: 34050 | L87: 618 235 7743 | O87: Abrir mapa | P87: 24.035249 | Q87: -104.68585 | R87: 9929369
A88: 87 | B88: Durango capital | C88: Durango | D88: Victoria de Durango | E88: LAVANDERIA ORQUIDEA | F88: ROSA ALVARADO | G88: Lavandería | H88: 0 a 5 personas | I88: Avenida Cuitlahuac 411 | J88: Fraccionamiento El Edén | K88: 34160 | O88: Abrir mapa | P88: 24.00591 | Q88: -104.65228 | R88: 10373525
A89: 88 | B89: Durango capital | C89: Durango | D89: Victoria de Durango | E89: LAVANDERIA PH | G89: Lavandería | H89: 0 a 5 personas | I89: Calle Profesor Guadalupe G De Rodriguez 207 A | J89: Colonia Ciénega | K89: 34090 | L89: 618 448 1257 | O89: Abrir mapa | P89: 24.01942 | Q89: -104.65619 | R89: 9560102
A90: 89 | B90: Durango capital | C90: Durango | D90: Victoria de Durango | E90: LAVANDERIA PLANCHADURIA Y TINTORERIA LA VALE | G90: Lavandería, tintorería y planchaduría | H90: 0 a 5 personas | I90: Avenida Cuitlahuac 452 | J90: Fraccionamiento El Edén | K90: 34160 | L90: 618 823 8581 | O90: Abrir mapa | P90: 24.004086 | Q90: -104.65347 | R90: 10511861
A91: 90 | B91: Durango capital | C91: Durango | D91: Victoria de Durango | E91: LAVANDERIA ROMA | G91: Lavandería | H91: 0 a 5 personas | I91: Calle Lisboa 829 A | J91: Fraccionamiento Roma | K91: 34226 | L91: 618 181 9094 | O91: Abrir mapa | P91: 24.050842 | Q91: -104.61218 | R91: 7192882
A92: 91 | B92: Durango capital | C92: Durango | D92: Victoria de Durango | E92: LAVANDERIA ROMY | G92: Lavandería | H92: 0 a 5 personas | I92: Calle Paseo Del Gobernador 144 | J92: Fraccionamiento Paso Real | K92: 34204 | O92: Abrir mapa | P92: 24.062158 | Q92: -104.61714 | R92: 9802850
A93: 92 | B93: Durango capital | C93: Durango | D93: Victoria de Durango | E93: LAVANDERIA SAN JOSE | G93: Lavandería | H93: 0 a 5 personas | I93: Calle Zarco sin número | J93: Colonia Zona Centro | K93: 34000 | L93: 618 132 6123 | O93: Abrir mapa | P93: 24.031473 | Q93: -104.66609 | R93: 9380640
A94: 93 | B94: Durango capital | C94: Durango | D94: Victoria de Durango | E94: LAVANDERIA SECADO AL SOL | G94: Lavandería | H94: 0 a 5 personas | I94: Calle Salubridad 410 | J94: Colonia Olga Margarita | K94: 34270 | L94: 618 326 5785 | O94: Abrir mapa | P94: 24.023337 | Q94: -104.64798 | R94: 10865560
A95: 94 | B95: Durango capital | C95: Durango | D95: Victoria de Durango | E95: LAVANDERIA SIN NOMBRE | F95: LAVANDERIA SIN NOMBRE | G95: Lavandería | H95: 0 a 5 personas | I95: Calle Ricardo Flores Magon sin número | J95: Colonia J. Guadalupe Rodríguez | K95: 34280 | L95: 618 294 1542 | O95: Abrir mapa | P95: 24.019772 | Q95: -104.63277 | R95: 11287487
A96: 95 | B96: Durango capital | C96: Durango | D96: Victoria de Durango | E96: LAVANDERIA SMOOTH CLEAN | G96: Lavandería | H96: 0 a 5 personas | I96: Avenida Licenciado Francisco Primo De Verdad Y Ramos 1101 | J96: Colonia Valle Del Sur | K96: 34120 | L96: 618 127 7805 | O96: Abrir mapa | P96: 24.008499 | Q96: -104.67953 | R96: 1095247
A97: 96 | B97: Durango capital | C97: Durango | D97: Victoria de Durango | E97: LAVANDERIA SOR CLEAN SO FRESH | G97: Lavandería | H97: 0 a 5 personas | I97: Calle Camino De Los Riegos sin número | J97: Fraccionamiento San Angel | K97: 34106 | O97: Abrir mapa | P97: 24.000092 | Q97: -104.70048 | R97: 7258807
A98: 97 | B98: Durango capital | C98: Durango | D98: Victoria de Durango | E98: LAVANDERIA TALAMANTES | G98: Lavandería | H98: 0 a 5 personas | I98: Avenida Coronel Enrique Carrola Antuna sin número | J98: Colonia J. Guadalupe Rodríguez | K98: 34280 | L98: 876 109 1554 | O98: Abrir mapa | P98: 24.020226 | Q98: -104.63176 | R98: 11288233
A99: 98 | B99: Durango capital | C99: Durango | D99: Victoria de Durango | E99: LAVANDERIA TINTORERIA HIPER WHITE | F99: PATRICIA LUJAN | G99: Lavandería y tintorería | H99: 0 a 5 personas | I99: Calle Circuito Interior 315 | J99: Fraccionamiento Huizache Ii | K99: 34160 | L99: 618 469 1545 | O99: Abrir mapa | P99: 24.00505 | Q99: -104.64756 | R99: 10682519
A100: 99 | B100: Durango capital | C100: Durango | D100: Victoria de Durango | E100: LAVANDERIA TINTORERIA Y PLANCHADURIA | G100: Lavandería, tintorería y planchaduría | H100: 0 a 5 personas | I100: Avenida Real Del Mezquital 94 D | J100: Fraccionamiento Real Del Mezquital | K100: 34199 | L100: 618 164 1822 | O100: Abrir mapa | P100: 24.002113 | Q100: -104.6533 | R100: 11205537
...

Sheet Otras posibles
A1: Otros negocios que podrían lavar ropa
A2: El INEGI los registró con otra actividad, pero su nombre dice lavandería o tintorería. No están en el Listado ni en el Resumen.
A4: Municipio | B4: Nombre del negocio | C4: Actividad registrada | D4: Calle y número | E4: Colonia | F4: Teléfono | G4: Clave del INEGI
A5: Durango | B5: LAVANDERIA Y CIBER VICTORIA | C5: Servicios de acceso a computadoras | D5: Calle Cetus 112 | E5: Fraccionamiento Villas Del Guadiana Ii | G5: 9032034
A6: Gómez Palacio | B6: INDUSTRIAS APPAREL LAVANDERIA | C6: Confección en serie de otra ropa exterior de materiales textiles | D6: Calle Guanaceví 207 | E6: Parque Industrial Carlos Herrera Araluce | G6: 6866367
A7: Gómez Palacio | B7: LAVANDERIA HG | C7: Confección en serie de otra ropa exterior de materiales textiles | D7: Avenida Primavera 2042 | E7: Colonia Miguel De La Madrid | F7: 871 333 0008 | G7: 10496627
A8: Tepehuanes | B8: LAVANDERIA Y AUTOLAVADO EBEN EZER | C8: Lavado y lubricado de automóviles y camiones | D8: Calle Palma 209 | E8: Colonia Centro | F8: 674 111 3613 | G8: 1074902
