Workbook
Name Print_Titles: 'Para llamar'!$1:$1
Name Print_Titles: 'Para visitar'!$1:$1

Sheet Resumen
A1: Lavanderías para invitar a Lavandi
A2: Estado de Durango, Torreón y Matamoros · Preparado por Nazmelia
A4: =COUNTA('Para llamar'!$A$2:$A$231)+COUNTA('Para visitar'!$A$2:$A$186) -> 415 | C4: =COUNTA('Para llamar'!$A$2:$A$231) -> 230 | E4: 7 de cada 10
A5: lavanderías en la zona | C5: con teléfono, listas para llamar | E5: están en Durango capital y Torreón
A7: Por zona
A8: Zona | B8: Lavanderías | C8: Para llamar | D8: Contactadas | E8: Interesadas
A9: Durango capital | B9: =COUNTIF('Para llamar'!$A$2:$A$231,$A9)+COUNTIF('Para visitar'!$A$2:$A$186,$A9) -> 152 | C9: =COUNTIF('Para llamar'!$A$2:$A$231,$A9) -> 78 | D9: =COUNTIFS('Para llamar'!$A$2:$A$231,$A9,'Para llamar'!$H$2:$H$231,"Sí")+COUNTIFS('Para visitar'!$A$2:$A$186,$A9,'Para visitar'!$G$2:$G$186,"Sí") -> 0 | E9: =COUNTIFS('Para llamar'!$A$2:$A$231,$A9,'Para llamar'!$I$2:$I$231,"Le interesa")+COUNTIFS('Para visitar'!$A$2:$A$186,$A9,'Para visitar'!$H$2:$H$186,"Le interesa") -> 0
A10: Gómez Palacio y Lerdo | B10: =COUNTIF('Para llamar'!$A$2:$A$231,$A10)+COUNTIF('Para visitar'!$A$2:$A$186,$A10) -> 52 | C10: =COUNTIF('Para llamar'!$A$2:$A$231,$A10) -> 27 | D10: =COUNTIFS('Para llamar'!$A$2:$A$231,$A10,'Para llamar'!$H$2:$H$231,"Sí")+COUNTIFS('Para visitar'!$A$2:$A$186,$A10,'Para visitar'!$G$2:$G$186,"Sí") -> 0 | E10: =COUNTIFS('Para llamar'!$A$2:$A$231,$A10,'Para llamar'!$I$2:$I$231,"Le interesa")+COUNTIFS('Para visitar'!$A$2:$A$186,$A10,'Para visitar'!$H$2:$H$186,"Le interesa") -> 0
A11: Torreón | B11: =COUNTIF('Para llamar'!$A$2:$A$231,$A11)+COUNTIF('Para visitar'!$A$2:$A$186,$A11) -> 146 | C11: =COUNTIF('Para llamar'!$A$2:$A$231,$A11) -> 81 | D11: =COUNTIFS('Para llamar'!$A$2:$A$231,$A11,'Para llamar'!$H$2:$H$231,"Sí")+COUNTIFS('Para visitar'!$A$2:$A$186,$A11,'Para visitar'!$G$2:$G$186,"Sí") -> 0 | E11: =COUNTIFS('Para llamar'!$A$2:$A$231,$A11,'Para llamar'!$I$2:$I$231,"Le interesa")+COUNTIFS('Para visitar'!$A$2:$A$186,$A11,'Para visitar'!$H$2:$H$186,"Le interesa") -> 0
A12: Matamoros | B12: =COUNTIF('Para llamar'!$A$2:$A$231,$A12)+COUNTIF('Para visitar'!$A$2:$A$186,$A12) -> 3 | C12: =COUNTIF('Para llamar'!$A$2:$A$231,$A12) -> 3 | D12: =COUNTIFS('Para llamar'!$A$2:$A$231,$A12,'Para llamar'!$H$2:$H$231,"Sí")+COUNTIFS('Para visitar'!$A$2:$A$186,$A12,'Para visitar'!$G$2:$G$186,"Sí") -> 0 | E12: =COUNTIFS('Para llamar'!$A$2:$A$231,$A12,'Para llamar'!$I$2:$I$231,"Le interesa")+COUNTIFS('Para visitar'!$A$2:$A$186,$A12,'Para visitar'!$H$2:$H$186,"Le interesa") -> 0
A13: Resto del estado de Durango | B13: =COUNTIF('Para llamar'!$A$2:$A$231,$A13)+COUNTIF('Para visitar'!$A$2:$A$186,$A13) -> 62 | C13: =COUNTIF('Para llamar'!$A$2:$A$231,$A13) -> 41 | D13: =COUNTIFS('Para llamar'!$A$2:$A$231,$A13,'Para llamar'!$H$2:$H$231,"Sí")+COUNTIFS('Para visitar'!$A$2:$A$186,$A13,'Para visitar'!$G$2:$G$186,"Sí") -> 0 | E13: =COUNTIFS('Para llamar'!$A$2:$A$231,$A13,'Para llamar'!$I$2:$I$231,"Le interesa")+COUNTIFS('Para visitar'!$A$2:$A$186,$A13,'Para visitar'!$H$2:$H$186,"Le interesa") -> 0
A14: Total | B14: =SUM(B9:B13) -> 415 | C14: =SUM(C9:C13) -> 230 | D14: =SUM(D9:D13) -> 0 | E14: =SUM(E9:E13) -> 0
A16: Cómo usarlo
A17: 1. Empiece por la hoja «Para llamar»: cada renglón es una lavandería con su teléfono.
A18: 2. Después de cada llamada, llene las tres columnas amarillas: si ya se le contactó, el resultado y una nota.
A19: 3. La hoja «Para visitar» trae las que no tienen teléfono: con «Ver mapa» se llega a la puerta.
A20: 4. Este resumen se actualiza solo con lo que se anote.
A22: Datos tomados del registro oficial de negocios del INEGI. Algún teléfono o dirección puede haber cambiado.

Sheet Para llamar
A1: Zona | B1: Municipio | C1: Lavandería | D1: Teléfono | E1: Dirección | F1: Correo o página | G1: Ubicación | H1: ¿Ya se le contactó? | I1: Resultado | J1: Notas
A2: Durango capital | B2: Durango | C2: Centro de Lavandería y Planchaduría | D2: 618 131 6733 | E2: Avenida Cuauhtemoc 608, Fraccionamiento Huizache I | G2: Ver mapa
A3: Durango capital | B3: Durango | C3: Ciclos Planchado | D3: 552 726 7858 | E3: Calle 5 de Febrero 1502 a, Colonia Burócrata | F3: barrazamontse966@gmail.com | G3: Ver mapa
A4: Durango capital | B4: Durango | C4: Klin Lavandería | D4: 618 310 2020 | E4: Boulevard Instituto Politecnico Nacional Sin Número, Fraccionamiento Camino Real | F4: www.klino.mx | G4: Ver mapa
A5: Durango capital | B5: Durango | C5: Klino Lavanderías | D5: 618 310 2020 | E5: Boulevard de la Juventud Sin Número, Colonia Luis Echeverría | F5: www.klino.mx | G5: Ver mapa
A6: Durango capital | B6: Durango | C6: Lava Facil Lavandería | D6: 618 231 9152 | E6: Circuito Palenque 308, Fraccionamiento Huizache I | G6: Ver mapa
A7: Durango capital | B7: Durango | C7: Lava Nubes | D7: 618 819 2093 | E7: Avenida Resplandor 200 C, Fraccionamiento las Nubes | G7: Ver mapa
A8: Durango capital | B8: Durango | C8: Lava Planch | D8: 618 211 4235 | E8: Circuito Chamula 734 B, Fraccionamiento Huizache I | G8: Ver mapa
A9: Durango capital | B9: Durango | C9: Lavandería Alexjos | D9: 618 230 9042 | E9: Boulevard Jose Maria Patoni 406, Colonia José Revueltas | G9: Ver mapa
A10: Durango capital | B10: Durango | C10: Lavandería Alicia | D10: 618 257 8082 | E10: Avenida Coronel Enrique Carrola Antuna 1203 B, Colonia J. Guadalupe Rodríguez | G10: Ver mapa
A11: Durango capital | B11: Durango | C11: Lavandería Arcoiris | D11: 618 256 0481 | E11: Boulevard Domingo Arrieta 511 C, Colonia Juan Lira Bracho | F11: erendy_86@hotmail.com | G11: Ver mapa
A12: Durango capital | B12: Durango | C12: Lavandería Color Magic | D12: 618 292 7930 | E12: Calle Orion 1002, Fraccionamiento Villas del Guadiana III | G12: Ver mapa
A13: Durango capital | B13: Durango | C13: Lavandería Dereck | D13: 677 119 8584 | E13: Calle del Atardecer 132, Fraccionamiento la Luz | G13: Ver mapa
A14: Durango capital | B14: Durango | C14: Lavandería el Nogal | D14: 618 366 2704 | E14: Calle Francisco Gonzalez de la Vega 105, Colonia IV Centenario | G14: Ver mapa
A15: Durango capital | B15: Durango | C15: Lavandería Grecia | D15: 618 815 8320 | E15: Calle Capricornio 316 a, Fraccionamiento Villas del Guadiana | G15: Ver mapa
A16: Durango capital | B16: Durango | C16: Lavandería GYYS | D16: 618 154 4243 | E16: Boulevard de la Juventud 711, Colonia Santa Fe | G16: Ver mapa
A17: Durango capital | B17: Durango | C17: Lavandería Independencia | D17: 618 132 2297 | E17: Calle Independencia 438, Colonia Zona Centro | G17: Ver mapa
A18: Durango capital | B18: Durango | C18: Lavandería Jessy | D18: 664 302 1715 | E18: Calle Santiago Papasquiaro Sin Número, Colonia Hipódromo | G18: Ver mapa
A19: Durango capital | B19: Durango | C19: Lavandería la Burbuja | D19: 618 196 8435 | E19: Calle Circuito Interior Sin Número, Fraccionamiento Residencial Santa Teresa | G19: Ver mapa
A20: Durango capital | B20: Durango | C20: Lavandería la Burbuja Azul | D20: 618 359 1004 | E20: Calle Domingo Arrieta 403 B, Colonia Azteca | G20: Ver mapa
A21: Durango capital | B21: Durango | C21: Lavandería la Casa del Lavado | D21: 618 188 3843 | E21: Calle Joaquín García Pascoe 100, Fraccionamiento los Agaves | G21: Ver mapa
A22: Durango capital | B22: Durango | C22: Lavandería la Casita | D22: 618 364 3946 | E22: Avenida Constelaciones 208, Fraccionamiento Nuevo Valle | G22: Ver mapa
A23: Durango capital | B23: Durango | C23: Lavandería la Casita Express | D23: 618 320 2693 | E23: Avenida Cima 335, Fraccionamiento Fstse | G23: Ver mapa
... A32: Durango capital | B32: Durango | C32: Lavandería Lavafacil | D32: 618 183 6722 | E32: Calle Colima 900 D, Colonia Valle del Guadiana | G32: Ver mapa
A33: Durango capital | B33: Durango | C33: Lavandería Lavamass | D33: 618 145 1494 | E33: Avenida Plan de Agua Prieta Sin Número, Colonia Emiliano Zapata | F33: gabytavh@hotmail.com | G33: Ver mapa
A34: Durango capital | B34: Durango | C34: Lavandería Lavampac | D34: 618 361 9245 | E34: Avenida Fidel Velazquez Sanchez 226, Fraccionamiento Fidel Velázquez | G34: Ver mapa
A35: Durango capital | B35: Durango | C35: Lavandería Limpio y Seco | D35: 618 333 0676 | E35: Calle Predio de las Peñas Sin Número, Fraccionamiento Villas de San Francisco | G35: Ver mapa
A36: Durango capital | B36: Durango | C36: Lavandería Limpizimo | D36: 618 100 7805 | E36: Prolongacion Nazas 806 e, Colonia los Sauces | F36: jarib15@hotmail.com | G36: Ver mapa
A37: Durango capital | B37: Durango | C37: Lavandería los Remedios | D37: 618 144 4101 | E37: Avenida los Remedios 609, Fraccionamiento los Remedios | G37: Ver mapa
A38: Durango capital | B38: Durango | C38: Lavandería Luca | D38: 618 273 6439 | E38: Boulevard Vialidad Mazada 113, Interior 11, Fraccionamiento Privadas del Guadiana | G38: Ver mapa
A39: Durango capital | B39: Durango | C39: Lavandería Mi Esperanza | D39: 618 309 1006 | E39: Calle Chapultepec 103, Fraccionamiento Benito Juárez | G39: Ver mapa
A40: Durango capital | B40: Durango | C40: Lavandería Miss Clean | D40: 618 304 8904 | E40: Calle Ana Leyva 216, Residencias las Torres, Colonia Nueva Vizcaya | F40: zoeluna7275@gmail.com | G40: Ver mapa
A41: Durango capital | B41: Durango | C41: Lavandería Moderna | D41: 618 187 0030 | E41: Avenida General Lazaro Cardenas 424 Sur, Colonia Zona Centro | F41: lavanderia.moderna.1950@gmail.com | G41: Ver mapa
A42: Durango capital | B42: Durango | C42: Lavandería Nena | D42: 618 235 7743 | E42: Calle Fresno Sin Número, Colonia Santa María | G42: Ver mapa
A43: Durango capital | B43: Durango | C43: Lavandería PH | D43: 618 448 1257 | E43: Calle Profesor Guadalupe G de Rodriguez 207 a, Colonia Ciénega | G43: Ver mapa
A44: Durango capital | B44: Durango | C44: Lavandería Planchaduría y Tintorería la Vale | D44: 618 823 8581 | E44: Avenida Cuitlahuac 452, Fraccionamiento el Edén | G44: Ver mapa
A45: Durango capital | B45: Durango | C45: Lavandería Roma | D45: 618 181 9094 | E45: Calle Lisboa 829 a, Fraccionamiento Roma | G45: Ver mapa
A46: Durango capital | B46: Durango | C46: Lavandería San Jose | D46: 618 132 6123 | E46: Calle Zarco Sin Número, Colonia Zona Centro | G46: Ver mapa
A47: Durango capital | B47: Durango | C47: Lavandería Secado Al Sol | D47: 618 326 5785 | E47: Calle Salubridad 410, Colonia Olga Margarita | G47: Ver mapa
A48: Durango capital | B48: Durango | C48: Lavandería Sin Nombre | D48: 618 294 1542 | E48: Calle Ricardo Flores Magon Sin Número, Colonia J. Guadalupe Rodríguez | G48: Ver mapa
A49: Durango capital | B49: Durango | C49: Lavandería Smooth Clean | D49: 618 127 7805 | E49: Avenida Licenciado Francisco Primo de Verdad y Ramos 1101, Colonia Valle del Sur | G49: Ver mapa
A50: Durango capital | B50: Durango | C50: Lavandería Talamantes | D50: 876 109 1554 | E50: Avenida Coronel Enrique Carrola Antuna Sin Número, Colonia J. Guadalupe Rodríguez | G50: Ver mapa
A51: Durango capital | B51: Durango | C51: Lavandería Tintorería Hiper White | D51: 618 469 1545 | E51: Calle Circuito Interior 315, Fraccionamiento Huizache II | G51: Ver mapa
A52: Durango capital | B52: Durango | C52: Lavandería Tintorería y Planchaduría | D52: 618 164 1822 | E52: Avenida Real del Mezquital 94 D, Fraccionamiento Real del Mezquital | G52: Ver mapa
A53: Durango capital | B53: Durango | C53: Lavandería Trapitos | D53: 618 131 0590 | E53: Calle Benito Juarez 412, Colonia 5 de Mayo | G53: Ver mapa
... A74: Durango capital | B74: Durango | C74: Rapido y Limpio | D74: 618 840 5278 | E74: Calle Rio Usumacinta Sin Número, Colonia Valle del Sur | G74: Ver mapa
A75: Durango capital | B75: Durango | C75: The Urban Laundry | D75: 618 260 4574 | E75: Calle el Atardecer 208, Plaza Cultivos, Fraccionamiento el Atardecer Residencial | F75: urbanlaundrydgo@gmail.com | G75: Ver mapa
A76: Durango capital | B76: Durango | C76: Tintorería California | D76: 618 817 0677 | E76: Calle Regato 257, Colonia Zona Centro | F76: tintocalifornia@gmail.com | G76: Ver mapa
A77: Durango capital | B77: Durango | C77: Tintorería Ever Clean | D77: 618 811 3444 | E77: Calle Laureano Roncal 516 Sur, Condominio Zona Centro | F77: cmme65@proyigi.net.mx | G77: Ver mapa
A78: Durango capital | B78: Durango | C78: Tintorería Ralise | D78: 618 811 4444 | E78: Calle Gabino Barreda 1006, Colonia Zona Centro | G78: Ver mapa
A79: Durango capital | B79: Durango | C79: Tintorería Rapida Max el Eden | D79: 618 836 7336 | E79: Boulevard Instituto Politecnico Nacional 100, el Eden, Fraccionamiento el Edén | G79: Ver mapa
A80: Gómez Palacio y Lerdo | B80: Gómez Palacio | C80: Lavado y Secado | D80: 871 245 2073 | E80: Avenida Ignacio Allende 971, Colonia Zona Centro | G80: Ver mapa
A81: Gómez Palacio y Lerdo | B81: Gómez Palacio | C81: Lavado Ya | D81: 871 514 1443 | E81: Boulevard el Refugio Sin Número, Fraccionamiento Villas el Refugio | G81: Ver mapa
A82: Gómez Palacio y Lerdo | B82: Gómez Palacio | C82: Lavandería Alamos | D82: 871 251 5184 | E82: Calle Turquia Sin Número, Colonia Nuevo los Alamos | G82: Ver mapa
A83: Gómez Palacio y Lerdo | B83: Gómez Palacio | C83: Lavandería Doña Blanquita | D83: 871 493 0691 | E83: Avenida Francisco Villa 130, Colonia las Granjas 2 | G83: Ver mapa
A84: Gómez Palacio y Lerdo | B84: Gómez Palacio | C84: Lavandería Industrial Sin Nombre | D84: 871 136 0275 | E84: Calle Coneto de Comonfort Sin Número, Colonia las Huertas | F84: mundocast@hotmail.com | G84: Ver mapa
A85: Gómez Palacio y Lerdo | B85: Gómez Palacio | C85: Lavandería Lavamas | D85: 871 185 2324 | E85: Boulevard Bicentenario de la Revolucion Sin Número, Interior 9, Colonia Carrillo Puerto | F85: www.lavanderialavamas.com | G85: Ver mapa
A86: Gómez Palacio y Lerdo | B86: Gómez Palacio | C86: Lavandería Lyo | D86: 871 173 5816 | E86: Calle San Francisco Sin Número, Colonia San Antonio | G86: Ver mapa
A87: Gómez Palacio y Lerdo | B87: Gómez Palacio | C87: Lavandería Mi Angel | D87: 871 797 3351 | E87: Avenida Francisco Villa 316, Fraccionamiento Rinconadas Hamburgo | G87: Ver mapa
A88: Gómez Palacio y Lerdo | B88: Gómez Palacio | C88: Lavandería MS | D88: 871 644 1688 | E88: Avenida Alfonso Ramirez Leyva 304, Fraccionamiento Santa Rosa | G88: Ver mapa
A89: Gómez Palacio y Lerdo | B89: Gómez Palacio | C89: Lavandería Reluce | D89: 871 123 7127 | E89: Avenida Francisco Villa 258, Rinconada las Granjas 2 | G89: Ver mapa
A90: Gómez Palacio y Lerdo | B90: Gómez Palacio | C90: Lavandería Sin Nombre | D90: 871 575 1588 | E90: Calle 20 449, Fraccionamiento Filadelfia | G90: Ver mapa
A91: Gómez Palacio y Lerdo | B91: Gómez Palacio | C91: Lavandería Soaep | D91: 871 131 0119 | E91: Calle Pereyra 907 Bis, Colonia Revolución | G91: Ver mapa
A92: Gómez Palacio y Lerdo | B92: Gómez Palacio | C92: Lavandería Tex Man | D92: 871 725 7266 | E92: Boulevard Francisco Gonzalez de la Vega 427, Parque Industrial Carlos Herrera Araluce | G92: Ver mapa
A93: Gómez Palacio y Lerdo | B93: Gómez Palacio | C93: Lavandería y Planchado Alejandra | D93: 871 325 3020 | E93: Calle Alvaro Obregon 208, Colonia Tierra Blanca | G93: Ver mapa
A94: Gómez Palacio y Lerdo | B94: Gómez Palacio | C94: Lavanderías Express | D94: 871 347 1000 | E94: Avenida Ingenieros 1030, Fraccionamiento Filadelfia | F94: lavanderiasexpressgp@gmail.com | G94: Ver mapa
A95: Gómez Palacio y Lerdo | B95: Gómez Palacio | C95: Planchaduría Teloplancho | D95: 871 761 5656 | E95: Avenida Arquitectos Sin Número, Fraccionamiento Filadelfia | G95: Ver mapa
A96: Gómez Palacio y Lerdo | B96: Gómez Palacio | C96: Quick Clean Tintorería y Lavandería | D96: 871 437 5923 | E96: Boulevard Miguel Aleman 625, las Rosas, Colonia el Campestre | G96: Ver mapa
A97: Gómez Palacio y Lerdo | B97: Gómez Palacio | C97: Servicio Lavandería | D97: 871 105 8900 | E97: Avenida Aguamarina 413, Colonia la Esperanza | G97: Ver mapa
A98: Gómez Palacio y Lerdo | B98: Gómez Palacio | C98: Tintorería CLYN Members Tintorería Plus | D98: 871 499 1159 | E98: Boulevard Miguel Aleman 251, Interior 6, Colonia las Rosas | G98: Ver mapa
A99: Gómez Palacio y Lerdo | B99: Lerdo | C99: Lavandería Cuquita | D99: 667 746 0199 | E99: Prolongacion Galeana 1296, Fraccionamiento San Fernando | G99: Ver mapa
A100: Gómez Palacio y Lerdo | B100: Lerdo | C100: Lavandería Famiwash | D100: 871 404 2622 | E100: Calle Ejido Lerdo 299, Colonia Hijos de Ejidatarios | G100: Ver mapa
A101: Gómez Palacio y Lerdo | B101: Lerdo | C101: Lavandería la Burbuja | D101: 871 262 6596 | E101: Calle Azucenas Sin Número, Colonia Villa Jardin | G101: Ver mapa
A102: Gómez Palacio y Lerdo | B102: Lerdo | C102: Lavandería Lavale | D102: 871 200 6692 | E102: Calle Chihuahua Sin Número, Colonia Centro | G102: Ver mapa
A103: Gómez Palacio y Lerdo | B103: Lerdo | C103: Lavandería Sanjua-n | D103: 871 709 9747 | E103: Calle Jose Maria Morelos y Pavon Sin Número, Ciudad Juárez | G103: Ver mapa
A104: Gómez Palacio y Lerdo | B104: Lerdo | C104: Lavandería Sin Nombre | D104: 871 261 2945 | E104: Calzada Guadalupe Victoria Sin Número, Interior 1143, Colonia Villa Jardin | G104: Ver mapa
A105: Gómez Palacio y Lerdo | B105: Lerdo | C105: Lavandería y Tintorería Econoclean | D105: 871 305 1172 | E105: Calle Aldama 44 Bis, Colonia Centro | G105: Ver mapa
A106: Gómez Palacio y Lerdo | B106: Lerdo | C106: Plancha Express | D106: 871 188 8869 | E106: Boulevard Miguel Aleman 134, Colonia Magisterial | G106: Ver mapa
... A109: Torreón | B109: Torreón | C109: Clean Shoes | D109: 871 450 9000 | E109: Prolongacion Monaco Sin Número, Colonia Alamedas | G109: Ver mapa
A110: Torreón | B110: Torreón | C110: Clean Walkers | D110: 871 458 1096 | E110: Boulevard de la Senda 350, Plaza Iberia, Fraccionamiento Andaluz | F110: www.cleanwalkerstorreon.com | G110: Ver mapa
A111: Torreón | B111: Torreón | C111: Cleanyfast Lavnderia de Alzado | D111: 871 378 0929 | E111: Calle Paseo de la Rosita 507, Interior B, Colonia Campestre la Rosita | G111: Ver mapa
A112: Torreón | B112: Torreón | C112: CLYN Members | D112: 871 381 8589 | E112: Calle Paseo de la Champaña 701 3, Interior 4, Fraccionamiento Codorniz | F112: jorgefernandezlorda@gmail.com | G112: Ver mapa
A113: Torreón | B113: Torreón | C113: Compostura de Ropa Nana Plancha | D113: 871 262 9587 | E113: Avenida 6 de Octubre 1070, Colonia Centro | G113: Ver mapa
A114: Torreón | B114: Torreón | C114: Confecciones Señorial | D114: 871 718 0655 | E114: Avenida Zacatecas 1906, Colonia Centro | G114: Ver mapa
A115: Torreón | B115: Torreón | C115: El Cuarto de Lavado | D115: 871 510 7482 | E115: Boulevard Paseo Palmares Sin Número, Residencial Villa de las Palmas | G115: Ver mapa
A116: Torreón | B116: Torreón | C116: Fast Clean Lavandería y Planchado | D116: 871 135 0401 | E116: Calzada Calzada de los Nogales 125, Colonia Villa Jacarandas | G116: Ver mapa
A117: Torreón | B117: Torreón | C117: Fullwash | D117: 871 188 9229 | E117: Calzada Paseo del Tecnologico 1458 2, Colonia Villas de la Hacienda | G117: Ver mapa
A118: Torreón | B118: Torreón | C118: Green Clean | D118: 871 207 9492 | E118: Calle Eleuterio Lopez Sanchez 1350, Fraccionamiento del Viento | G118: Ver mapa
A119: Torreón | B119: Torreón | C119: Green Clean Tintorerías | D119: 871 721 2007 | E119: Calle Paseo de la Rosita 302, Interior 1, Colonia Campestre la Rosita | F119: nuria.valdez.@hotmail.com | G119: Ver mapa
A120: Torreón | B120: Torreón | C120: Grupo Lavanti | D120: 871 521 5045 | E120: Calle Rio Lerma 415, Colonia Navarro | G120: Ver mapa
A121: Torreón | B121: Torreón | C121: Iron Express | D121: 871 793 9434 | E121: Calle Artes Graficas 1184, Colonia Centro | F121: escamillaamalia@yahoo.com | G121: Ver mapa
A122: Torreón | B122: Torreón | C122: Keep It Clean | D122: 871 230 5015 | E122: Avenida Paseo de la Soledad 260 B, Ampliacion la Rosita | F122: robertomp304@hotmail.com | G122: Ver mapa
A123: Torreón | B123: Torreón | C123: La Planchita | D123: 871 514 9761 | E123: Prolongacion Monaco Sin Número, Colonia Alamedas | G123: Ver mapa
A124: Torreón | B124: Torreón | C124: La Planchita Feliz | D124: 871 138 8308 | E124: Calle Rio Grijalva 150, Colonia la Estrella | G124: Ver mapa
A125: Torreón | B125: Torreón | C125: La Suprema Lavandería | D125: 871 241 3939 | E125: Avenida Bromo 8539, Fraccionamiento Loma Real II | G125: Ver mapa
A126: Torreón | B126: Torreón | C126: Lava Exprees Tintorería | D126: 871 204 4336 | E126: Carretera Torreon San Pedro Sin Número, Hacienda el Rosario | G126: Ver mapa
A127: Torreón | B127: Torreón | C127: Lava Express Lavandería | D127: 871 571 5466 | E127: Prolongacion Monaco 234, Colonia Alamedas | G127: Ver mapa
A128: Torreón | B128: Torreón | C128: Lava Express Tintorería | D128: 871 193 9400 | E128: Boulevard Independencia 2480, Interior 7, Colonia la Estrella | G128: Ver mapa
A129: Torreón | B129: Torreón | C129: Lavandería | D129: 871 143 7611 | E129: Calle Melchor Muzquiz 119, Colonia Centro | G129: Ver mapa
A130: Torreón | B130: Torreón | C130: Lavandería | D130: 871 360 2966 | E130: Calle Universidad Sin Número, Fraccionamiento Joyas de Torreon | G130: Ver mapa
...

Sheet Para visitar
A1: Zona | B1: Municipio | C1: Lavandería | D1: Dirección | E1: Correo o página | F1: Ubicación | G1: ¿Ya se le contactó? | H1: Resultado | I1: Notas
A2: Durango capital | B2: Durango | C2: Bee Lavandería & Planchado | D2: Avenida Nuevo Durango 440, Fraccionamiento Nuevo Durango I | F2: Ver mapa
A3: Durango capital | B3: Durango | C3: Centro de Lavado y Secado de Ropa | D3: Avenida Division Durango 800, Fraccionamiento Domingo Arrieta | F3: Ver mapa
A4: Durango capital | B4: Durango | C4: Clean Fashion | D4: Prolongacion Nazas Sin Número, Fraccionamiento Nuevo Durango I | F4: Ver mapa
A5: Durango capital | B5: Durango | C5: Ecoclean | D5: Calle Año de Juarez 211, Fraccionamiento Guadalupe Victoria Infonavit | F5: Ver mapa
A6: Durango capital | B6: Durango | C6: Estrellas de la Limpieza | D6: Corredor Felipe Pescador 25, Colonia del Maestro | F6: Ver mapa
A7: Durango capital | B7: Durango | C7: Everclean Lavandería | D7: Avenida Sahuatoba 216, Plaza Lomas, Fraccionamiento Lomas del Parque | E7: cmme65@prodigy.net.mx | F7: Ver mapa
A8: Durango capital | B8: Durango | C8: Fresh Clean Lavandería | D8: Prolongacion Francisco Villa 208, Pueblo 5 de Mayo | F8: Ver mapa
A9: Durango capital | B9: Durango | C9: Klino Lavanderías | D9: Boulevard Durango Sin Número, Colonia Sarh | E9: klinolavanderias@gmail.com | F9: Ver mapa
A10: Durango capital | B10: Durango | C10: Lavado y Planchado Real | D10: Calle Guadalajara 633, Interior 2, Fraccionamiento Jalisco | F10: Ver mapa
A11: Durango capital | B11: Durango | C11: Lavamatic | D11: Calle Constituyentes 705, Fraccionamiento las Fuentes | F11: Ver mapa
A12: Durango capital | B12: Durango | C12: Lavandería | D12: Calle Camino de los Castillos 252, Fraccionamiento Paso Real | F12: Ver mapa
A13: Durango capital | B13: Durango | C13: Lavandería | D13: Calle Carlos Santamaria Sin Número, Colonia Héctor Mayagoitia Domínguez | F13: Ver mapa
A14: Durango capital | B14: Durango | C14: Lavandería America | D14: Boulevard Licenciado Armando del Castillo Franco 136, Fraccionamiento Lomas del Parque | F14: Ver mapa
A15: Durango capital | B15: Durango | C15: Lavandería Angy | D15: Calle del Guadiana Sin Número, Fraccionamiento Valle Oriente | F15: Ver mapa
A16: Durango capital | B16: Durango | C16: Lavandería Automatica Ale | D16: Avenida General Lazaro Cardenas 232, Colonia Real del Prado | F16: Ver mapa
A17: Durango capital | B17: Durango | C17: Lavandería Bien Limpio | D17: Avenida Rio de Janeiro 544 a, Fraccionamiento Guadalupe | E17: mmgrios@hotmail.com | F17: Ver mapa
A18: Durango capital | B18: Durango | C18: Lavandería Bluewash | D18: Prolongacion Nazas Sin Número, Interior 6, Fraccionamiento Santa Teresa | F18: Ver mapa
A19: Durango capital | B19: Durango | C19: Lavandería Clean Center | D19: Calle Hernandez 1525, Colonia Zona Centro | F19: Ver mapa
A20: Durango capital | B20: Durango | C20: Lavandería del Rio | D20: Avenida Coronel Enrique Carrola Antuna Sin Número, Colonia Canela | F20: Ver mapa
A21: Durango capital | B21: Durango | C21: Lavandería el Tendero | D21: Calle 50 Aniversario Itd 129 B, Fraccionamiento Aserradero | E21: eltendedederolavanderia.dgo@gmail.com | F21: Ver mapa
A22: Durango capital | B22: Durango | C22: Lavandería Espumita | D22: Boulevard Juan Pablo II 223, Fraccionamiento Jardines de Durango | F22: Ver mapa
A23: Durango capital | B23: Durango | C23: Lavandería Estrellas de la Limpieza | D23: Boulevard Juan Pablo II 125, Fraccionamiento Jardines de Durango | F23: Ver mapa
A24: Durango capital | B24: Durango | C24: Lavandería Evelyn | D24: Calle Murallas 115, Colonia Villa de Guadalupe | F24: Ver mapa
A25: Durango capital | B25: Durango | C25: Lavandería Express | D25: Avenida la Salle 502 B, Residencial Colinas del Saltito | F25: Ver mapa
A26: Durango capital | B26: Durango | C26: Lavandería Express | D26: Prolongacion 20 de Noviembre 408, Fraccionamiento los Duraznos | F26: Ver mapa
A27: Durango capital | B27: Durango | C27: Lavandería Express | D27: Boulevard Hermila Galindo Acosta Sin Número, Residencial los Pinos | F27: Ver mapa
A28: Durango capital | B28: Durango | C28: Lavandería Express | D28: Calle Zacatecas 206, Colonia Morga | F28: Ver mapa
A29: Durango capital | B29: Durango | C29: Lavandería Express | D29: Avenida Real del Mezquital Sin Número, Fraccionamiento Real del Mezquital | F29: Ver mapa
A30: Durango capital | B30: Durango | C30: Lavandería Gemma | D30: Calle Sigma 110, Fraccionamiento Bosques del Valle | F30: Ver mapa
A31: Durango capital | B31: Durango | C31: Lavandería Haiti | D31: Calle Haiti 114, Fraccionamiento Jardines de Durango | F31: Ver mapa
A32: Durango capital | B32: Durango | C32: Lavandería Hipoddromo | D32: Calle Santiago Papasquiaro 501, Colonia Hipódromo | F32: Ver mapa
A33: Durango capital | B33: Durango | C33: Lavandería la Brisa | D33: Cerrada 3ra San Martin 113, Colonia San Juan | F33: Ver mapa
... A73: Durango capital | B73: Durango | C73: Tintorería Max | D73: Boulevard Francisco Villa 1410, Colonia Rio Florido | F73: Ver mapa
A74: Durango capital | B74: Durango | C74: Tintorería Rapida Max | D74: Boulevard Felipe Pescador 1101, Interior 1, Colonia Esperanza | E74: tinto.max1@gmail.com | F74: Ver mapa
A75: Durango capital | B75: Durango | C75: White Tec Lavandería | D75: Calle Mision de Santa Lucia 220 a, Fraccionamiento Tres Misiones | F75: Ver mapa
A76: Gómez Palacio y Lerdo | B76: Gómez Palacio | C76: Acabados Textiles Lavandería Industrial | D76: Prolongacion Valle del Guadiana 672, Sin Nombre, Parque Industrial Carlos a Herrera Araluce | E76: acatex@prodigy.net.com | F76: Ver mapa
A77: Gómez Palacio y Lerdo | B77: Gómez Palacio | C77: Almacen Lavartex Seao | D77: Calzada Carlos Herrera Araluce Sin Número, Ampliacion Santa Rosa | F77: Ver mapa
A78: Gómez Palacio y Lerdo | B78: Gómez Palacio | C78: Hi Clear | D78: Boulevard Isidoro Leal Rodriguez 3388, Colonia los Álamos | E78: hicleartintoreria@outl.com | F78: Ver mapa
A79: Gómez Palacio y Lerdo | B79: Gómez Palacio | C79: La Plancha Servicio de Planchado | D79: Avenida Independencia Sin Número, Colonia Ampliación Bellavista | F79: Ver mapa
A80: Gómez Palacio y Lerdo | B80: Gómez Palacio | C80: La Roperia | D80: Avenida Francisco Villa 601, Plaza Palmas Hamburgo, Rinconada Rinconadas Hamburgo | E80: laroperiagp@gmail.com | F80: Ver mapa
A81: Gómez Palacio y Lerdo | B81: Gómez Palacio | C81: Lavandería del Centro | D81: Avenida Juan Ignacio Aldama 401, Colonia Zona Centro | F81: Ver mapa
A82: Gómez Palacio y Lerdo | B82: Gómez Palacio | C82: Lavandería el Campestre | D82: Boulevard Miguel Aleman 111, Colonia las Rosas | F82: Ver mapa
A83: Gómez Palacio y Lerdo | B83: Gómez Palacio | C83: Lavandería Express | D83: Calzada Jose Agustin Castro 888, Colonia Revolución | F83: Ver mapa
A84: Gómez Palacio y Lerdo | B84: Gómez Palacio | C84: Lavandería Lyo | D84: Avenida Gregorio Garcia 289, Colonia el Dorado | F84: Ver mapa
A85: Gómez Palacio y Lerdo | B85: Gómez Palacio | C85: Lavandería Morelos | D85: Calle Ocampo 543, Colonia Zona Centro | F85: Ver mapa
A86: Gómez Palacio y Lerdo | B86: Gómez Palacio | C86: Lavandería Noyolic | D86: Calle Niños Heroes 58, Colonia Pánfilo Natera | F86: Ver mapa
A87: Gómez Palacio y Lerdo | B87: Gómez Palacio | C87: Lavandería Plancharte | D87: Avenida Ignacio Zaragoza 875, Fraccionamiento del Bosque | F87: Ver mapa
A88: Gómez Palacio y Lerdo | B88: Gómez Palacio | C88: Lavandería Relec | D88: Avenida Miguel Hidalgo 129 a, Colonia Zona Centro | F88: Ver mapa
A89: Gómez Palacio y Lerdo | B89: Gómez Palacio | C89: Lavandería Sin Nombre | D89: Calle Rinconada de las Azaleas 374, Rinconada Rinconadas Hamburgo | F89: Ver mapa
A90: Gómez Palacio y Lerdo | B90: Gómez Palacio | C90: Lavandería Teloplancho | D90: Boulevard Carlos a Herrera Araluce Sin Número, Colonia la Feria | F90: Ver mapa
A91: Gómez Palacio y Lerdo | B91: Gómez Palacio | C91: Lavandería y Acabados de la Suchil | D91: Calle Suchil 268, Parque Industrial Carlos Herrera Araluce | E91: lavanderiaauxcontable@hotmail.com | F91: Ver mapa
A92: Gómez Palacio y Lerdo | B92: Gómez Palacio | C92: Meraki Planchaduría y Lavandería | D92: Avenida Ingenieros 720 a, Fraccionamiento Filadelfia | F92: Ver mapa
A93: Gómez Palacio y Lerdo | B93: Gómez Palacio | C93: Planchado de Ropa el Botanazo | D93: Calle Heroe de Nacozari Sin Número, Colonia Bellavista | F93: Ver mapa
A94: Gómez Palacio y Lerdo | B94: Gómez Palacio | C94: Tintorería Canada | D94: Boulevard Miguel Aleman 964, Colonia Zona Centro | F94: Ver mapa
A95: Gómez Palacio y Lerdo | B95: Gómez Palacio | C95: Tintorería Canada | D95: Calle Mariano Urrea Sin Número, Colonia Zona Centro | F95: Ver mapa
A96: Gómez Palacio y Lerdo | B96: Gómez Palacio | C96: Tintorería Express | D96: Avenida Independencia 213, Colonia Zona Centro | F96: Ver mapa
A97: Gómez Palacio y Lerdo | B97: Gómez Palacio | C97: Tintorería Max | D97: Avenida Guadalupe Victoria 2005, Colonia las Rosas | E97: dagomexico@gmail.com | F97: Ver mapa
A98: Gómez Palacio y Lerdo | B98: Lerdo | C98: Lavandería Laguna Limpium | D98: Prolongacion J Agustin Castro Sin Número, Colonia Villa Jardin | F98: Ver mapa
A99: Gómez Palacio y Lerdo | B99: Lerdo | C99: Ropa Siete Leguas Jeans | D99: Avenida Paseo del Tecnológico 1055, Colonia Placido Domingo | E99: ajuarezc@sieteleguas.com.mx | F99: Ver mapa
A100: Gómez Palacio y Lerdo | B100: Lerdo | C100: Se Lavan Cobertores | D100: Calle Constitucion 709, Colonia Colonia Francisco Villa Sur | F100: Ver mapa
A101: Torreón | B101: Torreón | C101: 5asec | D101: Calle Rio Panuco 405 3, Colonia Navarro | E101: tintoreriatorreon@gmail.com | F101: Ver mapa
A102: Torreón | B102: Torreón | C102: Ame | D102: Calle Joaquin Moreno 20 1013, Colonia Centro | E102: lavanderiasame@gmail.com | F102: Ver mapa
A103: Torreón | B103: Torreón | C103: Clean And Fast | D103: Boulevard Independencia Sin Número, Interior 8, Colonia la Estrella | F103: Ver mapa
A104: Torreón | B104: Torreón | C104: Clean Express | D104: Avenida Juarez 2020, Plaza 2020, Colonia Centro | F104: Ver mapa
A105: Torreón | B105: Torreón | C105: Clean Factory | D105: Calle Mariano Lopez Ortiz 130, Colonia Centro | F105: Ver mapa
A106: Torreón | B106: Torreón | C106: Cliner | D106: Avenida Juarez 626, Colonia Centro | E106: lavajeno@att.net.mx | F106: Ver mapa
A107: Torreón | B107: Torreón | C107: Easy Clean Lavandería | D107: Calle Turin 4690, Colonia Torreon Residencial | F107: Ver mapa
A108: Torreón | B108: Torreón | C108: Eco Clean Desazolve | D108: Avenida Rovirosa Wade 382 a, Colonia Aviacion | F108: Ver mapa
A109: Torreón | B109: Torreón | C109: Green Clean | D109: Boulevard Boulevard de la Nogalera 505, Plaza 505, Residencial Santa Barbara | E109: facturagc@outlook.com | F109: Ver mapa
A110: Torreón | B110: Torreón | C110: Green Lagoon Tintorería Ecologica | D110: Calle Independencia 3699, Esquina 3, Fraccionamiento el Fresno | F110: Ver mapa
A111: Torreón | B111: Torreón | C111: La Lavandería | D111: Avenida Prolongacion Nicolas Bravo Sin Número, Colonia Nueva California | F111: Ver mapa
A112: Torreón | B112: Torreón | C112: La New Tintorería | D112: Avenida Prolongacion Juarez 7590, Plaza Arcoiris, Fraccionamiento el Castaño | F112: Ver mapa
A113: Torreón | B113: Torreón | C113: Lava Expres | D113: Calle Gonzalez Ortega 268 a, Colonia Centro | F113: Ver mapa
A114: Torreón | B114: Torreón | C114: Lava Facil | D114: Avenida Jose Cueto 900, Colonia Ampliacion los Angeles | F114: Ver mapa
A115: Torreón | B115: Torreón | C115: Lavado y Planchado | D115: Calle Carmen Salinas 28 545, Colonia Centro | F115: Ver mapa
A116: Torreón | B116: Torreón | C116: Lavamatic | D116: Avenida Torre de Belem 5007 B, Colonia las Torres | F116: Ver mapa
A117: Torreón | B117: Torreón | C117: Lavandería | D117: Avenida Allende 5703 a, Colonia Nueva California | F117: Ver mapa
A118: Torreón | B118: Torreón | C118: Lavandería Blanquita | D118: Calzada Calzada de los Nogales 902 11, Colonia Villa Jacarandas | F118: Ver mapa
A119: Torreón | B119: Torreón | C119: Lavandería Devolava | D119: Avenida Prolongacion Juarez 3, Fraccionamiento la Joya | F119: Ver mapa
A120: Torreón | B120: Torreón | C120: Lavandería Doña Blanquita | D120: Boulevard Diagonal de las Fuentes 16 a, Colonia la Fuente | F120: Ver mapa
A121: Torreón | B121: Torreón | C121: Lavandería el Pedregal | D121: Calle Paseo Canal de San Antonio 1729, Colonia el Pedregal | F121: Ver mapa
... A125: Torreón | B125: Torreón | C125: Lavandería las Juanis | D125: Calle Niños Heroes 575, Colonia Centro | F125: Ver mapa
A126: Torreón | B126: Torreón | C126: Lavandería Lavare | D126: Avenida Paseo del Tecnologico 210 3, Colonia Torreon Residencial | E126: jorgevarela10@hotmail.com | F126: Ver mapa
A127: Torreón | B127: Torreón | C127: Lavandería Libanesa | D127: Calzada Salvador Creel 174, Ampliacion Margaritas | F127: Ver mapa
A128: Torreón | B128: Torreón | C128: Lavandería Marina | D128: Calle Blanco 166 B, Interior a, Colonia Centro | F128: Ver mapa
A129: Torreón | B129: Torreón | C129: Lavandería Proclean | D129: Calle Juan Terrazas 632, Ampliacion los Angeles | F129: Ver mapa
A130: Torreón | B130: Torreón | C130: Lavandería Re | D130: Calle Juan Agustin de Espinoza 475, Interior 2, Colonia Etnias | F130: Ver mapa
A131: Torreón | B131: Torreón | C131: Lavandería Sin Nombre | D131: Calzada José Vasconcelos 215, Fraccionamiento Torreon Residencial | F131: Ver mapa
A132: Torreón | B132: Torreón | C132: Lavandería Sin Nombre | D132: Avenida Heroico Colegio Militar 225, Colonia Centro | F132: Ver mapa
A133: Torreón | B133: Torreón | C133: Lavandería Sin Nombre | D133: Calle Sierra de la Candela Sin Número, Colonia CD Nazas | F133: Ver mapa
A134: Torreón | B134: Torreón | C134: Lavandería Te Lavamos | D134: Calzada General Cepeda Sin Número, Colonia Valle Revolucion | F134: Ver mapa
A135: Torreón | B135: Torreón | C135: Lavandería TRC | D135: Calle Praxedis Guerrero Sin Número, Interior 4, Colonia Palma San Isidro | E135: lavanderiatrc@gmail.com | F135: Ver mapa
A136: Torreón | B136: Torreón | C136: Lavandería Ultra Clean | D136: Calle Chichimecas 91 B, Colonia el Tajito | F136: Ver mapa
A137: Torreón | B137: Torreón | C137: Lavandería Ultra Klin | D137: Calle Paseo de la Rosita 305, Interior 1, Colonia Campestre la Rosita | E137: ultraklin.express@gmail.com | F137: Ver mapa
A138: Torreón | B138: Torreón | C138: Lavandería Viena | D138: Calle Tarascos Sin Número, Fraccionamiento el Tajito | F138: Ver mapa
A139: Torreón | B139: Torreón | C139: Lavandería y Tintorería Mi Angel | D139: Boulevard Boulevard de la Nogalera Sin Número, Plaza Aurora, Ejido la Union | F139: Ver mapa
A140: Torreón | B140: Torreón | C140: Lavarich | D140: Calle Asia 95, Colonia Rincon de la Hacienda | F140: Ver mapa
A141: Torreón | B141: Torreón | C141: Lawash | D141: Calle Juarez Sin Número, Fraccionamiento Sol de Oriente III | F141: Ver mapa
A142: Torreón | B142: Torreón | C142: Lawash Lavandería | D142: Calle Juarez Sin Número, Ampliacion Ampliacion Valle del Nazas | F142: Ver mapa
...
